model,horizon,cont_skill,warn_skill
LSTM,30,0.6662774894996419,0.1404761904761904
RandomForest,30,0.637874868566431,0.1135265700483091
TCN,30,0.6495438556715302,0.1785714285714285
Transformer,30,0.5413150305887731,0.1608391608391608
Climatology,30,0.27545931624086206,0.0
RandomForest,14,0.4245525701162912,0.2262210796915167
TCN,14,0.46371627348382766,0.3293269230769231
LSTM,14,0.4781100977952121,0.3468468468468468
Transformer,14,0.1256859198641485,0.1301204819277108
Climatology,14,-1.0288353292356105,0.0
Persistence,30,0.0,0.3262295081967213
Climatology,7,-4.085495913848659,0.0
TCN,7,0.32015019904327413,0.4503631961259079
RandomForest,7,0.20095501455553277,0.3324675324675324
Climatology,1,-66.19597873680524,0.0
LSTM,7,0.34789350191867763,0.5472972972972973
LSTM,1,0.3537771505399962,0.6948356807511737
Persistence,14,0.0,0.4490196078431372
TCN,1,0.31150752585452846,0.7060185185185185
Persistence,7,0.0,0.5775862068965517
Transformer,7,-0.3231238376569599,0.4549356223175965
Persistence,1,0.0,0.9020618556701032
RandomForest,1,-1.8711419380935084,0.4595300261096606
Transformer,1,-13.212335854364293,0.4772727272727273
