source,target,level,horizon,rho,p
multicell,GWETROOT,D0,1,0.7714285714285715,0.07239650145772594
multicell,GWETROOT,D0,7,0.6571428571428573,0.1561749271137024
multicell,GWETROOT,D0,14,0.4285714285714286,0.3965014577259473
multicell,GWETROOT,D0,30,0.08571428571428573,0.8717434402332361
multicell,GWETROOT,D0,pooled,-0.04890829694323144,0.8204661975001055
multicell,GWETROOT,D1,1,0.7714285714285715,0.07239650145772594
multicell,GWETROOT,D1,7,0.6571428571428573,0.1561749271137024
multicell,GWETROOT,D1,14,0.4285714285714286,0.3965014577259473
multicell,GWETROOT,D1,30,0.028571428571428574,0.9571545189504373
multicell,GWETROOT,D1,pooled,-0.07074235807860263,0.7425515821269789
multicell,GWETROOT,D2,1,0.7714285714285715,0.07239650145772594
multicell,GWETROOT,D2,7,0.5428571428571429,0.26570262390670546
multicell,GWETROOT,D2,14,0.4285714285714286,0.3965014577259473
multicell,GWETROOT,D2,30,-0.14285714285714288,0.7871720116618076
multicell,GWETROOT,D2,pooled,-0.09388646288209608,0.6625754019781372
multicell,GWETROOT,D3,1,0.7142857142857143,0.11078717201166179
multicell,GWETROOT,D3,7,0.2571428571428572,0.6227871720116619
multicell,GWETROOT,D3,14,0.2732295333235123,0.6003545904291115
multicell,GWETROOT,D3,30,-0.3188740696088466,0.537900560470205
multicell,GWETROOT,D3,pooled,-0.10940130772769595,0.6108395681781059
multicell,SPEI_1,D0,1,0.942857142857143,0.004804664723032055
multicell,SPEI_1,D0,7,1.0,0.0
multicell,SPEI_1,D0,14,0.6571428571428573,0.1561749271137024
multicell,SPEI_1,D0,30,0.08571428571428573,0.8717434402332361
multicell,SPEI_1,D0,pooled,-0.3109170305676856,0.13919335558593168
multicell,SPEI_1,D1,1,0.942857142857143,0.004804664723032055
multicell,SPEI_1,D1,7,1.0,0.0
multicell,SPEI_1,D1,14,0.6571428571428573,0.1561749271137024
multicell,SPEI_1,D1,30,0.028571428571428574,0.9571545189504373
multicell,SPEI_1,D1,pooled,-0.29781659388646287,0.15753175267165884
multicell,SPEI_1,D2,1,0.942857142857143,0.004804664723032055
multicell,SPEI_1,D2,7,0.942857142857143,0.004804664723032055
multicell,SPEI_1,D2,14,0.6571428571428573,0.1561749271137024
multicell,SPEI_1,D2,30,-0.14285714285714288,0.7871720116618076
multicell,SPEI_1,D2,pooled,-0.24585152838427948,0.24686135095167183
multicell,SPEI_1,D3,1,0.8857142857142858,0.01884548104956266
multicell,SPEI_1,D3,7,0.7142857142857143,0.11078717201166179
multicell,SPEI_1,D3,14,0.5161002296110789,0.29458374146246064
multicell,SPEI_1,D3,30,-0.3188740696088466,0.537900560470205
multicell,SPEI_1,D3,pooled,-0.21792034684468467,0.3063283618312303
regional,GWETROOT,D0,1,0.7714285714285715,0.07239650145772594
regional,GWETROOT,D0,7,0.8285714285714287,0.04156268221574335
regional,GWETROOT,D0,14,0.7714285714285715,0.07239650145772594
regional,GWETROOT,D0,30,0.08571428571428573,0.8717434402332361
regional,GWETROOT,D0,pooled,0.005676855895196506,0.9789971054846363
regional,GWETROOT,D1,1,0.7142857142857143,0.11078717201166179
regional,GWETROOT,D1,7,0.3714285714285715,0.4684781341107872
regional,GWETROOT,D1,14,0.4285714285714286,0.3965014577259473
regional,GWETROOT,D1,30,-0.14285714285714288,0.7871720116618076
regional,GWETROOT,D1,pooled,-0.05283842794759826,0.8062963532879237
regional,GWETROOT,D2,1,0.7714285714285715,0.07239650145772594
regional,GWETROOT,D2,7,0.3714285714285715,0.4684781341107872
regional,GWETROOT,D2,14,0.4285714285714286,0.3965014577259473
regional,GWETROOT,D2,30,-0.20291986247835697,0.699797968157019
regional,GWETROOT,D2,pooled,-0.11553638163582287,0.5908528375141987
regional,GWETROOT,D3,1,0.2608969660436018,0.6175338174259972
regional,GWETROOT,D3,7,0.0,1.0
regional,GWETROOT,D3,14,0.21251185925162072,0.686030866008896
regional,GWETROOT,D3,30,-0.33806170189140666,0.5122252586995416
regional,GWETROOT,D3,pooled,-0.1177561816085274,0.5836908580560681
regional,SPEI_1,D0,1,0.942857142857143,0.004804664723032055
regional,SPEI_1,D0,7,0.7714285714285715,0.07239650145772594
regional,SPEI_1,D0,14,0.8285714285714287,0.04156268221574335
regional,SPEI_1,D0,30,0.08571428571428573,0.8717434402332361
regional,SPEI_1,D0,pooled,-0.2938864628820961,0.16335042999181007
regional,SPEI_1,D1,1,0.8857142857142858,0.01884548104956266
regional,SPEI_1,D1,7,0.8285714285714287,0.04156268221574335
regional,SPEI_1,D1,14,0.6571428571428573,0.1561749271137024
regional,SPEI_1,D1,30,-0.14285714285714288,0.7871720116618076
regional,SPEI_1,D1,pooled,-0.2921397379912664,0.16598425059321323
regional,SPEI_1,D2,1,0.942857142857143,0.004804664723032055
regional,SPEI_1,D2,7,0.8285714285714287,0.04156268221574335
regional,SPEI_1,D2,14,0.6571428571428573,0.1561749271137024
regional,SPEI_1,D2,30,-0.20291986247835697,0.699797968157019
regional,SPEI_1,D2,pooled,-0.23369859012700533,0.27173587985673475
regional,SPEI_1,D3,1,0.5507824838698261,0.2573693316225746
regional,SPEI_1,D3,7,0.5507824838698261,0.2573693316225746
regional,SPEI_1,D3,14,0.45538255553918716,0.3641432519429784
regional,SPEI_1,D3,30,-0.33806170189140666,0.5122252586995416
regional,SPEI_1,D3,pooled,-0.12875286782877898,0.5487796589918764
