horizon,model,logic,level,threshold,POD,FAR,CSI,base_rate,hits
1,Persistence,or,D0,0.3,0.9372759856630825,0.06272401433691756,0.8819561551433389,0.32142857142857145,523
1,Climatology,or,D0,0.3,0.0,,0.0,0.32142857142857145,0
1,RandomForest,or,D0,0.3,0.7275985663082437,0.06880733944954129,0.6904761904761905,0.32142857142857145,406
1,TCN,or,D0,0.3,0.8924731182795699,0.13240418118466898,0.7854889589905363,0.32142857142857145,498
1,LSTM,or,D0,0.3,0.8763440860215054,0.15834767641996558,0.7523076923076923,0.32142857142857145,489
1,Transformer,or,D0,0.3,0.5949820788530465,0.14871794871794872,0.538961038961039,0.32142857142857145,332
1,Persistence,or,D1,0.3,0.9408602150537635,0.04371584699453552,0.9020618556701031,0.21428571428571427,350
1,Climatology,or,D1,0.3,0.0,,0.0,0.21428571428571427,0
1,RandomForest,or,D1,0.3,0.4731182795698925,0.058823529411764705,0.4595300261096606,0.21428571428571427,176
1,TCN,or,D1,0.3,0.8198924731182796,0.1643835616438356,0.7060185185185185,0.21428571428571427,305
1,LSTM,or,D1,0.3,0.7956989247311828,0.15428571428571428,0.6948356807511737,0.21428571428571427,296
1,Transformer,or,D1,0.3,0.5080645161290323,0.11267605633802817,0.4772727272727273,0.21428571428571427,189
1,Persistence,or,D2,0.3,0.9431818181818182,0.08287292817679558,0.8691099476439791,0.10138248847926268,166
1,Climatology,or,D2,0.3,0.0,,0.0,0.10138248847926268,0
1,RandomForest,or,D2,0.3,0.23295454545454544,0.023809523809523808,0.23163841807909605,0.10138248847926268,41
1,TCN,or,D2,0.3,0.7556818181818182,0.2887700534759358,0.5782608695652174,0.10138248847926268,133
1,LSTM,or,D2,0.3,0.6875,0.18791946308724833,0.5931372549019608,0.10138248847926268,121
1,Transformer,or,D2,0.3,0.5795454545454546,0.11304347826086956,0.5396825396825397,0.10138248847926268,102
1,Persistence,or,D3,0.3,0.9230769230769231,0.07692307692307693,0.8571428571428571,0.03744239631336405,60
1,Climatology,or,D3,0.3,0.0,,0.0,0.03744239631336405,0
1,RandomForest,or,D3,0.3,0.0,,0.0,0.03744239631336405,0
1,TCN,or,D3,0.3,0.35384615384615387,0.6933333333333334,0.19658119658119658,0.03744239631336405,23
1,LSTM,or,D3,0.3,0.23076923076923078,0.6153846153846154,0.16853932584269662,0.03744239631336405,15
1,Transformer,or,D3,0.3,0.6461538461538462,0.5116279069767442,0.3853211009174312,0.03744239631336405,42
7,Persistence,or,D0,0.3,0.7455197132616488,0.21804511278195488,0.6172106824925816,0.3225433526011561,416
7,Climatology,or,D0,0.3,0.0,,0.0,0.3225433526011561,0
7,RandomForest,or,D0,0.3,0.5806451612903226,0.10989010989010989,0.5418060200668896,0.3225433526011561,324
7,TCN,or,D0,0.3,0.7132616487455197,0.14038876889848811,0.6388443017656501,0.3225433526011561,398
7,LSTM,or,D0,0.3,0.8064516129032258,0.17883211678832117,0.6859756097560976,0.3225433526011561,450
7,Transformer,or,D0,0.3,0.7132616487455197,0.29557522123893804,0.5489655172413793,0.3225433526011561,398
7,Persistence,or,D1,0.3,0.7204301075268817,0.25555555555555554,0.5775862068965517,0.21502890173410405,268
7,Climatology,or,D1,0.3,0.0,,0.0,0.21502890173410405,0
7,RandomForest,or,D1,0.3,0.34408602150537637,0.09219858156028368,0.33246753246753247,0.21502890173410405,128
7,TCN,or,D1,0.3,0.5,0.18061674008810572,0.45036319612590797,0.21502890173410405,186
7,LSTM,or,D1,0.3,0.6532258064516129,0.22857142857142856,0.5472972972972973,0.21502890173410405,243
7,Transformer,or,D1,0.3,0.5698924731182796,0.30718954248366015,0.45493562231759654,0.21502890173410405,212
7,Persistence,or,D2,0.3,0.7784090909090909,0.26737967914438504,0.6061946902654868,0.10173410404624278,137
7,Climatology,or,D2,0.3,0.0,,0.0,0.10173410404624278,0
7,RandomForest,or,D2,0.3,0.10795454545454546,0.32142857142857145,0.10270270270270271,0.10173410404624278,19
7,TCN,or,D2,0.3,0.2784090909090909,0.27941176470588236,0.2512820512820513,0.10173410404624278,49
7,LSTM,or,D2,0.3,0.35795454545454547,0.31521739130434784,0.3073170731707317,0.10173410404624278,63
7,Transformer,or,D2,0.3,0.4318181818181818,0.5,0.30158730158730157,0.10173410404624278,76
7,Persistence,or,D3,0.3,0.6,0.47297297297297297,0.39,0.03757225433526012,39
7,Climatology,or,D3,0.3,0.0,,0.0,0.03757225433526012,0
7,RandomForest,or,D3,0.3,0.0,,0.0,0.03757225433526012,0
7,TCN,or,D3,0.3,0.06153846153846154,0.7647058823529411,0.05128205128205128,0.03757225433526012,4
7,LSTM,or,D3,0.3,0.015384615384615385,0.8,0.014492753623188406,0.03757225433526012,1
7,Transformer,or,D3,0.3,0.23076923076923078,0.8514851485148515,0.09933774834437085,0.03757225433526012,15
14,Persistence,or,D0,0.3,0.6344086021505376,0.33583489681050654,0.48032564450474896,0.3238537434706907,354
14,Climatology,or,D0,0.3,0.0,,0.0,0.3238537434706907,0
14,RandomForest,or,D0,0.3,0.3960573476702509,0.2078853046594982,0.3587662337662338,0.3238537434706907,221
14,TCN,or,D0,0.3,0.5985663082437276,0.19518072289156627,0.5226917057902973,0.3238537434706907,334
14,LSTM,or,D0,0.3,0.6881720430107527,0.2396039603960396,0.5655375552282769,0.3238537434706907,384
14,Transformer,or,D0,0.3,0.43727598566308246,0.22044728434504793,0.38915470494417864,0.3238537434706907,244
14,Persistence,or,D1,0.3,0.6155913978494624,0.3760217983651226,0.44901960784313727,0.2159024956471271,229
14,Climatology,or,D1,0.3,0.0,,0.0,0.2159024956471271,0
14,RandomForest,or,D1,0.3,0.23655913978494625,0.1619047619047619,0.2262210796915167,0.2159024956471271,88
14,TCN,or,D1,0.3,0.3682795698924731,0.2430939226519337,0.3293269230769231,0.2159024956471271,137
14,LSTM,or,D1,0.3,0.41397849462365593,0.3185840707964602,0.34684684684684686,0.2159024956471271,154
14,Transformer,or,D1,0.3,0.14516129032258066,0.44329896907216493,0.13012048192771083,0.2159024956471271,54
14,Persistence,or,D2,0.3,0.6761363636363636,0.41379310344827586,0.4576923076923077,0.10214741729541497,119
14,Climatology,or,D2,0.3,0.0,,0.0,0.10214741729541497,0
14,RandomForest,or,D2,0.3,0.0625,0.47619047619047616,0.05913978494623656,0.10214741729541497,11
14,TCN,or,D2,0.3,0.19886363636363635,0.33962264150943394,0.18041237113402062,0.10214741729541497,35
14,LSTM,or,D2,0.3,0.23295454545454544,0.5,0.1889400921658986,0.10214741729541497,41
14,Transformer,or,D2,0.3,0.028409090909090908,0.6428571428571429,0.02702702702702703,0.10214741729541497,5
14,Persistence,or,D3,0.3,0.4,0.723404255319149,0.19548872180451127,0.03772489843296576,26
14,Climatology,or,D3,0.3,0.0,,0.0,0.03772489843296576,0
14,RandomForest,or,D3,0.3,0.0,,0.0,0.03772489843296576,0
14,TCN,or,D3,0.3,0.12307692307692308,0.42857142857142855,0.11267605633802817,0.03772489843296576,8
14,LSTM,or,D3,0.3,0.15384615384615385,0.7222222222222222,0.10989010989010989,0.03772489843296576,10
14,Transformer,or,D3,0.3,0.0,,0.0,0.03772489843296576,0
30,Persistence,or,D0,0.3,0.525089605734767,0.5116666666666667,0.33872832369942196,0.3268892794376098,293
30,Climatology,or,D0,0.3,0.0,,0.0,0.3268892794376098,0
30,RandomForest,or,D0,0.3,0.1827956989247312,0.3780487804878049,0.16451612903225807,0.3268892794376098,102
30,TCN,or,D0,0.3,0.3225806451612903,0.33579335793357934,0.2773497688751926,0.3268892794376098,180
30,LSTM,or,D0,0.3,0.3154121863799283,0.29880478087649404,0.27804107424960506,0.3268892794376098,176
30,Transformer,or,D0,0.3,0.30286738351254483,0.4751552795031056,0.23769338959212377,0.3268892794376098,169
30,Persistence,or,D1,0.3,0.5349462365591398,0.5446224256292906,0.3262295081967213,0.2179261862917399,199
30,Climatology,or,D1,0.3,0.0,,0.0,0.2179261862917399,0
30,RandomForest,or,D1,0.3,0.12634408602150538,0.47191011235955055,0.11352657004830918,0.2179261862917399,47
30,TCN,or,D1,0.3,0.20161290322580644,0.3902439024390244,0.17857142857142858,0.2179261862917399,75
30,LSTM,or,D1,0.3,0.1586021505376344,0.4485981308411215,0.14047619047619048,0.2179261862917399,59
30,Transformer,or,D1,0.3,0.18548387096774194,0.4523809523809524,0.16083916083916083,0.2179261862917399,69
30,Persistence,or,D2,0.3,0.6136363636363636,0.5862068965517241,0.3282674772036474,0.10310486233157587,108
30,Climatology,or,D2,0.3,0.0,,0.0,0.10310486233157587,0
30,RandomForest,or,D2,0.3,0.0,1.0,0.0,0.10310486233157587,0
30,TCN,or,D2,0.3,0.13068181818181818,0.39473684210526316,0.12041884816753927,0.10310486233157587,23
30,LSTM,or,D2,0.3,0.005681818181818182,0.9565217391304348,0.005050505050505051,0.10310486233157587,1
30,Transformer,or,D2,0.3,0.10227272727272728,0.4375,0.09473684210526316,0.10310486233157587,18
30,Persistence,or,D3,0.3,0.4307692307692308,0.8453038674033149,0.12844036697247707,0.038078500292911543,28
30,Climatology,or,D3,0.3,0.0,,0.0,0.038078500292911543,0
30,RandomForest,or,D3,0.3,0.0,,0.0,0.038078500292911543,0
30,TCN,or,D3,0.3,0.03076923076923077,0.8947368421052632,0.024390243902439025,0.038078500292911543,2
30,LSTM,or,D3,0.3,0.0,1.0,0.0,0.038078500292911543,0
30,Transformer,or,D3,0.3,0.0,1.0,0.0,0.038078500292911543,0
