horizon,model,logic,level,hits,false_alarms,misses,correct_neg,POD,FAR,CSI,base_rate,freq_bias
1,Climatology,and,D0,0,0,1311,16049,0.0,,0.0,0.0755184331797235,0.0
1,Climatology,and,D1,0,0,616,16744,0.0,,0.0,0.035483870967741936,0.0
1,Climatology,and,D2,0,0,164,17196,0.0,,0.0,0.00944700460829493,0.0
1,Climatology,and,D3,0,0,21,17339,0.0,,0.0,0.0012096774193548388,0.0
1,Climatology,or,D0,52,160,3978,13170,0.012903225806451613,0.7547169811320755,0.012410501193317422,0.23214285714285715,0.05260545905707196
1,Climatology,or,D1,0,0,2442,14918,0.0,,0.0,0.14066820276497696,0.0
1,Climatology,or,D2,0,0,1093,16267,0.0,,0.0,0.06296082949308755,0.0
1,Climatology,or,D3,0,0,493,16867,0.0,,0.0,0.028398617511520736,0.0
1,Persistence,and,D0,1239,79,72,15970,0.9450800915331807,0.05993930197268589,0.8913669064748202,0.0755184331797235,1.0053394355453853
1,Persistence,and,D1,581,47,35,16697,0.9431818181818182,0.07484076433121019,0.8763197586726998,0.035483870967741936,1.0194805194805194
1,Persistence,and,D2,142,23,22,17173,0.8658536585365854,0.1393939393939394,0.7593582887700535,0.00944700460829493,1.0060975609756098
1,Persistence,and,D3,20,3,1,17336,0.9523809523809523,0.13043478260869565,0.8333333333333334,0.0012096774193548388,1.0952380952380953
1,Persistence,or,D0,3815,213,215,13117,0.9466501240694789,0.0528798411122145,0.8991279754890408,0.23214285714285715,0.9995037220843672
1,Persistence,or,D1,2286,155,156,14763,0.9361179361179361,0.06349856616140925,0.8802464381979207,0.14066820276497696,0.9995904995904996
1,Persistence,or,D2,1006,97,87,16170,0.9204025617566332,0.08794197642792384,0.8453781512605042,0.06296082949308755,1.0091491308325709
1,Persistence,or,D3,451,47,42,16820,0.9148073022312373,0.09437751004016064,0.8351851851851851,0.028398617511520736,1.0101419878296145
1,RandomForest,and,D0,555,133,756,15916,0.4233409610983982,0.1933139534883721,0.3843490304709141,0.0755184331797235,0.524790236460717
1,RandomForest,and,D1,145,40,471,16704,0.2353896103896104,0.21621621621621623,0.22103658536585366,0.035483870967741936,0.3003246753246753
1,RandomForest,and,D2,0,0,164,17196,0.0,,0.0,0.00944700460829493,0.0
1,RandomForest,and,D3,0,0,21,17339,0.0,,0.0,0.0012096774193548388,0.0
1,RandomForest,or,D0,2554,495,1476,12835,0.6337468982630273,0.16234831092161364,0.5644198895027625,0.23214285714285715,0.756575682382134
1,RandomForest,or,D1,1316,272,1126,14646,0.5389025389025389,0.1712846347607053,0.4848931466470155,0.14066820276497696,0.6502866502866503
1,RandomForest,or,D2,400,178,693,16089,0.36596523330283626,0.3079584775086505,0.3147128245476003,0.06296082949308755,0.5288197621225984
1,RandomForest,or,D3,89,150,404,16717,0.18052738336713997,0.6276150627615062,0.13841368584758942,0.028398617511520736,0.4847870182555781
1,TCN,and,D0,874,666,437,15383,0.6666666666666666,0.43246753246753245,0.4420839656044512,0.0755184331797235,1.1746758199847445
1,TCN,and,D1,354,377,262,16367,0.5746753246753247,0.5157318741450069,0.3564954682779456,0.035483870967741936,1.1866883116883118
1,TCN,and,D2,79,130,85,17066,0.4817073170731707,0.6220095693779905,0.2687074829931973,0.00944700460829493,1.274390243902439
1,TCN,and,D3,0,46,21,17293,0.0,1.0,0.0,0.0012096774193548388,2.1904761904761907
1,TCN,or,D0,3397,1944,633,11386,0.8429280397022333,0.3639767833739,0.5686307331771008,0.23214285714285715,1.3253101736972706
1,TCN,or,D1,2069,1600,373,13318,0.8472563472563472,0.4360861270100845,0.5118753092528451,0.14066820276497696,1.5024570024570025
1,TCN,or,D2,911,1135,182,15132,0.8334858188472095,0.5547409579667644,0.40888689407540396,0.06296082949308755,1.8719121683440074
1,TCN,or,D3,377,845,116,16022,0.7647058823529411,0.6914893617021277,0.28176382660687593,0.028398617511520736,2.4787018255578093
7,Climatology,and,D0,0,0,1311,15989,0.0,,0.0,0.07578034682080925,0.0
7,Climatology,and,D1,0,0,616,16684,0.0,,0.0,0.035606936416184974,0.0
7,Climatology,and,D2,0,0,164,17136,0.0,,0.0,0.009479768786127168,0.0
7,Climatology,and,D3,0,0,21,17279,0.0,,0.0,0.0012138728323699422,0.0
7,Climatology,or,D0,52,160,3978,13110,0.012903225806451613,0.7547169811320755,0.012410501193317422,0.2329479768786127,0.05260545905707196
7,Climatology,or,D1,0,0,2442,14858,0.0,,0.0,0.14115606936416186,0.0
7,Climatology,or,D2,0,0,1093,16207,0.0,,0.0,0.06317919075144508,0.0
7,Climatology,or,D3,0,0,493,16807,0.0,,0.0,0.028497109826589595,0.0
7,Persistence,and,D0,992,369,319,15620,0.7566742944317315,0.27112417340191036,0.5904761904761905,0.07578034682080925,1.0381388253241801
7,Persistence,and,D1,468,218,148,16466,0.7597402597402597,0.3177842565597668,0.5611510791366906,0.035606936416184974,1.1136363636363635
7,Persistence,and,D2,85,86,79,17050,0.5182926829268293,0.5029239766081871,0.34,0.009479768786127168,1.0426829268292683
7,Persistence,and,D3,11,14,10,17265,0.5238095238095238,0.56,0.3142857142857143,0.0012138728323699422,1.1904761904761905
7,Persistence,or,D0,3114,932,916,12338,0.7727047146401985,0.23035096391497775,0.6275695284159613,0.2329479768786127,1.003970223325062
7,Persistence,or,D1,1773,725,669,14133,0.726044226044226,0.2902321857485989,0.5598358067571835,0.14115606936416186,1.022932022932023
7,Persistence,or,D2,753,426,340,15781,0.6889295516925892,0.361323155216285,0.4957208689927584,0.06317919075144508,1.0786825251601098
7,Persistence,or,D3,299,224,194,16583,0.6064908722109533,0.42829827915869984,0.41701534170153415,0.028497109826589595,1.0608519269776877
7,RandomForest,and,D0,361,82,950,15907,0.2753623188405797,0.18510158013544017,0.25915290739411345,0.07578034682080925,0.33790999237223496
7,RandomForest,and,D1,47,14,569,16670,0.0762987012987013,0.22950819672131148,0.0746031746031746,0.035606936416184974,0.09902597402597403
7,RandomForest,and,D2,0,0,164,17136,0.0,,0.0,0.009479768786127168,0.0
7,RandomForest,and,D3,0,0,21,17279,0.0,,0.0,0.0012138728323699422,0.0
7,RandomForest,or,D0,2118,532,1912,12738,0.5255583126550869,0.20075471698113206,0.46427005699254714,0.2329479768786127,0.6575682382133995
7,RandomForest,or,D1,871,236,1571,14622,0.35667485667485666,0.21318879855465223,0.32524271844660196,0.14115606936416186,0.4533169533169533
7,RandomForest,or,D2,229,127,864,16080,0.20951509606587373,0.35674157303370785,0.18770491803278688,0.06317919075144508,0.32570905763952424
7,RandomForest,or,D3,14,72,479,16735,0.028397565922920892,0.8372093023255814,0.024778761061946902,0.028497109826589595,0.1744421906693712
7,TCN,and,D0,544,387,767,15602,0.41495041952707856,0.41568206229860366,0.32037691401649,0.07578034682080925,0.7101449275362319
7,TCN,and,D1,141,161,475,16523,0.2288961038961039,0.5331125827814569,0.18146718146718147,0.035606936416184974,0.4902597402597403
7,TCN,and,D2,12,11,152,17125,0.07317073170731707,0.4782608695652174,0.06857142857142857,0.009479768786127168,0.1402439024390244
7,TCN,and,D3,0,2,21,17277,0.0,1.0,0.0,0.0012138728323699422,0.09523809523809523
7,TCN,or,D0,2944,1738,1086,11532,0.7305210918114144,0.3712088850918411,0.5104022191400832,0.2329479768786127,1.161786600496278
7,TCN,or,D1,1466,1195,976,13663,0.6003276003276004,0.4490792934986847,0.4030794610943085,0.14115606936416186,1.0896805896805897
7,TCN,or,D2,459,671,634,15536,0.41994510521500455,0.5938053097345133,0.2602040816326531,0.06317919075144508,1.0338517840805124
7,TCN,or,D3,56,385,437,16422,0.11359026369168357,0.873015873015873,0.06378132118451026,0.028497109826589595,0.8945233265720081
14,Climatology,and,D0,0,0,1311,15919,0.0,,0.0,0.07608821822402786,0.0
14,Climatology,and,D1,0,0,616,16614,0.0,,0.0,0.03575159605339524,0.0
14,Climatology,and,D2,0,0,164,17066,0.0,,0.0,0.009518282066163668,0.0
14,Climatology,and,D3,0,0,21,17209,0.0,,0.0,0.0012188044109112013,0.0
14,Climatology,or,D0,52,160,3978,13040,0.012903225806451613,0.7547169811320755,0.012410501193317422,0.2338943702843877,0.05260545905707196
14,Climatology,or,D1,0,0,2442,14788,0.0,,0.0,0.14172954149738828,0.0
14,Climatology,or,D2,0,0,1093,16137,0.0,,0.0,0.06343586767266396,0.0
14,Climatology,or,D3,0,0,493,16737,0.0,,0.0,0.02861288450377249,0.0
14,Persistence,and,D0,851,586,460,15333,0.6491228070175439,0.4077940153096729,0.448603057459146,0.07608821822402786,1.0961098398169336
14,Persistence,and,D1,394,371,222,16243,0.6396103896103896,0.4849673202614379,0.39918946301925023,0.03575159605339524,1.2418831168831168
14,Persistence,and,D2,47,135,117,16931,0.2865853658536585,0.7417582417582418,0.15719063545150502,0.009518282066163668,1.1097560975609757
14,Persistence,and,D3,4,28,17,17181,0.19047619047619047,0.875,0.08163265306122448,0.0012188044109112013,1.5238095238095237
14,Persistence,or,D0,2675,1535,1355,11665,0.6637717121588089,0.3646080760095012,0.4806828391734052,0.2338943702843877,1.0446650124069479
14,Persistence,or,D1,1545,1116,897,13672,0.6326781326781327,0.41939120631341603,0.4342327150084317,0.14172954149738828,1.0896805896805897
14,Persistence,or,D2,619,694,474,15443,0.5663311985361391,0.5285605483625285,0.3463905987688864,0.06343586767266396,1.2012808783165598
14,Persistence,or,D3,238,379,255,16358,0.4827586206896552,0.6142625607779578,0.27293577981651373,0.02861288450377249,1.2515212981744421
14,RandomForest,and,D0,157,35,1154,15884,0.11975591151792525,0.18229166666666666,0.11664190193164933,0.07608821822402786,0.14645308924485126
14,RandomForest,and,D1,11,8,605,16606,0.017857142857142856,0.42105263157894735,0.017628205128205128,0.03575159605339524,0.030844155844155844
14,RandomForest,and,D2,0,0,164,17066,0.0,,0.0,0.009518282066163668,0.0
14,RandomForest,and,D3,0,0,21,17209,0.0,,0.0,0.0012188044109112013,0.0
14,RandomForest,or,D0,1660,611,2370,12589,0.4119106699751861,0.26904447380008806,0.3576815341521224,0.2338943702843877,0.5635235732009926
14,RandomForest,or,D1,633,204,1809,14584,0.2592137592137592,0.24372759856630824,0.23922902494331066,0.14172954149738828,0.34275184275184273
14,RandomForest,or,D2,118,109,975,16028,0.10795974382433669,0.4801762114537445,0.09816971713810316,0.06343586767266396,0.20768526989935956
14,RandomForest,or,D3,0,62,493,16675,0.0,1.0,0.0,0.02861288450377249,0.1257606490872211
14,TCN,and,D0,268,236,1043,15683,0.2044241037376049,0.46825396825396826,0.17323852617970265,0.07608821822402786,0.38443935926773454
14,TCN,and,D1,50,67,566,16547,0.08116883116883117,0.5726495726495726,0.07320644216691069,0.03575159605339524,0.18993506493506493
14,TCN,and,D2,0,0,164,17066,0.0,,0.0,0.009518282066163668,0.0
14,TCN,and,D3,0,0,21,17209,0.0,,0.0,0.0012188044109112013,0.0
14,TCN,or,D0,2428,1721,1602,11479,0.6024813895781638,0.4147987466859484,0.4221874456616241,0.2338943702843877,1.029528535980149
14,TCN,or,D1,1125,1270,1317,13518,0.4606879606879607,0.5302713987473904,0.3030711206896552,0.14172954149738828,0.9807534807534808
14,TCN,or,D2,228,745,865,15392,0.20860018298261665,0.7656731757451182,0.12404787812840043,0.06343586767266396,0.8902104300091491
14,TCN,or,D3,19,405,474,16332,0.038539553752535496,0.9551886792452831,0.021158129175946547,0.02861288450377249,0.8600405679513184
30,Climatology,and,D0,0,0,1311,15759,0.0,,0.0,0.07680140597539543,0.0
30,Climatology,and,D1,0,0,616,16454,0.0,,0.0,0.03608670181605155,0.0
30,Climatology,and,D2,0,0,164,16906,0.0,,0.0,0.009607498535442297,0.0
30,Climatology,and,D3,0,0,21,17049,0.0,,0.0,0.0012302284710017574,0.0
30,Climatology,or,D0,52,160,3978,12880,0.012903225806451613,0.7547169811320755,0.012410501193317422,0.23608670181605154,0.05260545905707196
30,Climatology,or,D1,0,0,2442,14628,0.0,,0.0,0.1430579964850615,0.0
30,Climatology,or,D2,0,0,1093,15977,0.0,,0.0,0.06403046280023433,0.0
30,Climatology,or,D3,0,0,493,16577,0.0,,0.0,0.02888107791446983,0.0
30,Persistence,and,D0,707,804,604,14955,0.5392829900839055,0.5320979483785573,0.3342789598108747,0.07680140597539543,1.15255530129672
30,Persistence,and,D1,243,617,373,15837,0.3944805194805195,0.7174418604651163,0.19708029197080293,0.03608670181605155,1.396103896103896
30,Persistence,and,D2,21,298,143,16608,0.12804878048780488,0.9341692789968652,0.045454545454545456,0.009607498535442297,1.9451219512195121
30,Persistence,and,D3,0,95,21,16954,0.0,1.0,0.0,0.0012302284710017574,4.523809523809524
30,Persistence,or,D0,2109,2698,1921,10342,0.5233250620347395,0.5612648221343873,0.31346611177170036,0.23608670181605154,1.192803970223325
30,Persistence,or,D1,1241,1959,1201,12669,0.5081900081900081,0.6121875,0.2819813678709384,0.1430579964850615,1.3104013104013104
30,Persistence,or,D2,467,1397,626,14580,0.4272644098810613,0.7494635193133047,0.18755020080321286,0.06403046280023433,1.7053979871912168
30,Persistence,or,D3,150,978,343,15599,0.30425963488843816,0.8670212765957447,0.10197144799456152,0.02888107791446983,2.288032454361055
30,RandomForest,and,D0,25,6,1286,15753,0.01906941266209001,0.1935483870967742,0.018982536066818528,0.07680140597539543,0.02364607170099161
30,RandomForest,and,D1,0,0,616,16454,0.0,,0.0,0.03608670181605155,0.0
30,RandomForest,and,D2,0,0,164,16906,0.0,,0.0,0.009607498535442297,0.0
30,RandomForest,and,D3,0,0,21,17049,0.0,,0.0,0.0012302284710017574,0.0
30,RandomForest,or,D0,908,820,3122,12220,0.22531017369727047,0.47453703703703703,0.18721649484536082,0.23608670181605154,0.4287841191066998
30,RandomForest,or,D1,392,282,2050,14346,0.16052416052416052,0.41839762611275966,0.14390602055800295,0.1430579964850615,0.276003276003276
30,RandomForest,or,D2,47,61,1046,15916,0.043000914913083256,0.5648148148148148,0.04072790294627383,0.06403046280023433,0.09881061299176579
30,RandomForest,or,D3,0,8,493,16569,0.0,1.0,0.0,0.02888107791446983,0.016227180527383367
30,TCN,and,D0,117,151,1194,15608,0.08924485125858124,0.5634328358208955,0.08002735978112176,0.07680140597539543,0.2044241037376049
30,TCN,and,D1,9,9,607,16445,0.01461038961038961,0.5,0.0144,0.03608670181605155,0.02922077922077922
30,TCN,and,D2,0,0,164,16906,0.0,,0.0,0.009607498535442297,0.0
30,TCN,and,D3,0,0,21,17049,0.0,,0.0,0.0012302284710017574,0.0
30,TCN,or,D0,1700,1656,2330,11384,0.4218362282878412,0.4934445768772348,0.2989799507562434,0.23608670181605154,0.8327543424317618
30,TCN,or,D1,668,981,1774,13647,0.27354627354627353,0.5949060036385688,0.1951504528191645,0.1430579964850615,0.6752661752661753
30,TCN,or,D2,131,568,962,15409,0.11985361390667887,0.8125894134477826,0.07886815171583383,0.06403046280023433,0.6395242451967064
30,TCN,or,D3,23,475,470,16102,0.04665314401622718,0.9538152610441767,0.023760330578512397,0.02888107791446983,1.0101419878296145
