cell_id,name,lat,lon,SS_indomain,SS_transfer
lombok,Lombok (NTB),-8.6,116.3,0.3331460014037346,0.3863117145500869
sumbawaB,West Sumbawa (NTB),-8.8,116.9,0.2948882239263266,0.2923063916275463
sumbawaC,Central Sumbawa (base),-8.5,117.4,0.4493352475080113,0.3870064528593745
bima,Bima/Dompu (E Sumbawa),-8.5,118.5,0.5158697802428446,0.3691950251617082
manggarai,Manggarai (W Flores),-8.6,120.4,0.4328042549078924,0.1199766445286506
ende,Ende (C Flores),-8.7,121.6,0.5453760457827703,0.4118607909300854
floresT,East Flores,-8.4,122.9,0.5333538087905382,0.5362010119246123
sumba,Sumba,-9.6,120.2,0.4857004508359456,0.4999717458686599
kupang,Kupang (W Timor),-10.1,123.6,0.547495726284515,0.5109575012176999
soe,Soe (Timor interior),-9.9,124.2,0.4991931951556978,0.471918133098325
