horizon,model,logic,level,POD,FAR,CSI,freq_bias,base_rate,hits,false_alarms,misses,correct_neg
7,Persistence,or,D0,0.7727047146401985,0.23035096391497775,0.6275695284159613,1.003970223325062,0.2329479768786127,3114,932,916,12338
7,Persistence,or,D1,0.726044226044226,0.2902321857485989,0.5598358067571835,1.022932022932023,0.14115606936416186,1773,725,669,14133
7,Persistence,or,D2,0.6889295516925892,0.361323155216285,0.4957208689927584,1.0786825251601098,0.06317919075144508,753,426,340,15781
7,Persistence,or,D3,0.6064908722109533,0.42829827915869984,0.41701534170153415,1.0608519269776877,0.028497109826589595,299,224,194,16583
7,Persistence,and,D0,0.7566742944317315,0.27112417340191036,0.5904761904761905,1.0381388253241801,0.07578034682080925,992,369,319,15620
7,Persistence,and,D1,0.7597402597402597,0.3177842565597668,0.5611510791366906,1.1136363636363635,0.035606936416184974,468,218,148,16466
7,Persistence,and,D2,0.5182926829268293,0.5029239766081871,0.34,1.0426829268292683,0.009479768786127168,85,86,79,17050
7,Persistence,and,D3,0.5238095238095238,0.56,0.3142857142857143,1.1904761904761905,0.0012138728323699422,11,14,10,17265
7,Climatology,or,D0,0.012903225806451613,0.7547169811320755,0.012410501193317422,0.05260545905707196,0.2329479768786127,52,160,3978,13110
7,Climatology,or,D1,0.0,,0.0,0.0,0.14115606936416186,0,0,2442,14858
7,Climatology,or,D2,0.0,,0.0,0.0,0.06317919075144508,0,0,1093,16207
7,Climatology,or,D3,0.0,,0.0,0.0,0.028497109826589595,0,0,493,16807
7,Climatology,and,D0,0.0,,0.0,0.0,0.07578034682080925,0,0,1311,15989
7,Climatology,and,D1,0.0,,0.0,0.0,0.035606936416184974,0,0,616,16684
7,Climatology,and,D2,0.0,,0.0,0.0,0.009479768786127168,0,0,164,17136
7,Climatology,and,D3,0.0,,0.0,0.0,0.0012138728323699422,0,0,21,17279
7,RandomForest,or,D0,0.5575682382133995,0.15494546822113575,0.5058532192705988,0.6598014888337469,0.2329479768786127,2247,412,1783,12858
7,RandomForest,or,D1,0.40171990171990174,0.1491760624457936,0.3752869166029074,0.47215397215397215,0.14115606936416186,981,172,1461,14686
7,RandomForest,or,D2,0.16834400731930466,0.30566037735849055,0.1567291311754685,0.242451967063129,0.06317919075144508,184,81,909,16126
7,RandomForest,or,D3,0.002028397565922921,0.9666666666666667,0.0019157088122605363,0.060851926977687626,0.028497109826589595,1,29,492,16778
7,RandomForest,and,D0,0.36613272311212813,0.2052980132450331,0.3344947735191638,0.4607170099160946,0.07578034682080925,480,124,831,15865
7,RandomForest,and,D1,0.10064935064935066,0.2619047619047619,0.09717868338557993,0.13636363636363635,0.035606936416184974,62,22,554,16662
7,RandomForest,and,D2,0.0,,0.0,0.0,0.009479768786127168,0,0,164,17136
7,RandomForest,and,D3,0.0,,0.0,0.0,0.0012138728323699422,0,0,21,17279
7,TCN,or,D0,0.6813895781637717,0.20290275761973875,0.5806724466060478,0.8548387096774194,0.2329479768786127,2746,699,1284,12571
7,TCN,or,D1,0.5561015561015561,0.29782833505687695,0.44996686547382375,0.7919737919737919,0.14115606936416186,1358,576,1084,14282
7,TCN,or,D2,0.3412625800548948,0.44328358208955226,0.26834532374100717,0.6129917657822507,0.06317919075144508,373,297,720,15910
7,TCN,or,D3,0.15212981744421908,0.7137404580152672,0.11029411764705882,0.5314401622718052,0.028497109826589595,75,187,418,16620
7,TCN,and,D0,0.475209763539283,0.3264864864864865,0.3862368257904526,0.7055682684973302,0.07578034682080925,623,302,688,15687
7,TCN,and,D1,0.2694805194805195,0.3515625,0.23512747875354106,0.4155844155844156,0.035606936416184974,166,90,450,16594
7,TCN,and,D2,0.06097560975609756,0.4117647058823529,0.05847953216374269,0.10365853658536585,0.009479768786127168,10,7,154,17129
7,TCN,and,D3,0.0,,0.0,0.0,0.0012138728323699422,0,0,21,17279
7,LSTM,or,D0,0.6913151364764268,0.2297484102847664,0.5731331001851471,0.8975186104218362,0.2329479768786127,2786,831,1244,12439
7,LSTM,or,D1,0.5823095823095823,0.315028901734104,0.45930232558139533,0.8501228501228502,0.14115606936416186,1422,654,1020,14204
7,LSTM,or,D2,0.3202195791399817,0.5558375634517766,0.2286087524493795,0.7209515096065874,0.06317919075144508,350,438,743,15769
7,LSTM,or,D3,0.11967545638945233,0.8279883381924198,0.07593307593307594,0.6957403651115619,0.028497109826589595,59,284,434,16523
7,LSTM,and,D0,0.5255530129672006,0.3355834136933462,0.4153104279686558,0.7909992372234935,0.07578034682080925,689,348,622,15641
7,LSTM,and,D1,0.37662337662337664,0.33903133903133903,0.31564625850340133,0.5698051948051948,0.035606936416184974,232,119,384,16565
7,LSTM,and,D2,0.13414634146341464,0.2903225806451613,0.12716763005780346,0.18902439024390244,0.009479768786127168,22,9,142,17127
7,LSTM,and,D3,0.0,,0.0,0.0,0.0012138728323699422,0,0,21,17279
7,Transformer,or,D0,0.5471464019851117,0.29866412213740456,0.4437512577983498,0.7801488833746898,0.2329479768786127,2205,939,1825,12331
7,Transformer,or,D1,0.4582309582309582,0.42762148337595907,0.3413666870042709,0.8005733005733006,0.14115606936416186,1119,836,1323,14022
7,Transformer,or,D2,0.24519670631290028,0.7214137214137214,0.14997202014549524,0.8801463860933212,0.06317919075144508,268,694,825,15513
7,Transformer,or,D3,0.18052738336713997,0.8728571428571429,0.0806159420289855,1.4198782961460445,0.028497109826589595,89,611,404,16196
7,Transformer,and,D0,0.34096109839816935,0.3868312757201646,0.2806026365348399,0.5560640732265446,0.07578034682080925,447,282,864,15707
7,Transformer,and,D1,0.15584415584415584,0.4,0.1411764705882353,0.2597402597402597,0.035606936416184974,96,64,520,16620
7,Transformer,and,D2,0.006097560975609756,0.9090909090909091,0.005747126436781609,0.06707317073170732,0.009479768786127168,1,10,163,17126
7,Transformer,and,D3,0.0,1.0,0.0,0.09523809523809523,0.0012138728323699422,0,2,21,17277
