horizon,model,logic,level,threshold,POD,FAR,CSI,base_rate,hits,false_alarms,misses,correct_neg
14,Persistence,or,D0,0.2,0.6866485013623979,0.30193905817174516,0.5294117647058824,0.4260011607661056,504,218,230,771
14,Climatology,or,D0,0.2,0.02861035422343324,0.625,0.027308192457737322,0.4260011607661056,21,35,713,954
14,RandomForest,or,D0,0.2,0.5136239782016349,0.11084905660377359,0.4827144686299616,0.4260011607661056,377,47,357,942
14,TCN,or,D0,0.2,0.6839237057220708,0.1284722222222222,0.6212871287128713,0.4260011607661056,502,74,232,915
14,LSTM,or,D0,0.2,0.6403269754768393,0.11487758945386065,0.5911949685534591,0.4260011607661056,470,61,264,928
14,Transformer,or,D0,0.2,0.4536784741144414,0.2109004739336493,0.4046172539489672,0.4260011607661056,333,89,401,900
14,Persistence,or,D1,0.2,0.6104166666666667,0.35462555066079293,0.45709828393135726,0.2785838653511317,293,161,187,1082
14,Climatology,or,D1,0.2,0.0,,0.0,0.2785838653511317,0,0,480,1243
14,RandomForest,or,D1,0.2,0.24583333333333332,0.15714285714285714,0.2350597609561753,0.2785838653511317,118,22,362,1221
14,TCN,or,D1,0.2,0.55625,0.21005917159763313,0.484573502722323,0.2785838653511317,267,71,213,1172
14,LSTM,or,D1,0.2,0.5395833333333333,0.16451612903225807,0.487758945386064,0.2785838653511317,259,51,221,1192
14,Transformer,or,D1,0.2,0.3229166666666667,0.24757281553398058,0.2919020715630885,0.2785838653511317,155,51,325,1192
14,Persistence,or,D2,0.2,0.7068965517241379,0.376425855513308,0.4954682779456193,0.134648868253047,164,99,68,1392
14,Climatology,or,D2,0.2,0.0,,0.0,0.134648868253047,0,0,232,1491
14,RandomForest,or,D2,0.2,0.06465517241379311,0.4444444444444444,0.06147540983606557,0.134648868253047,15,12,217,1479
14,TCN,or,D2,0.2,0.2413793103448276,0.44,0.2028985507246377,0.134648868253047,56,44,176,1447
14,LSTM,or,D2,0.2,0.21551724137931033,0.375,0.19083969465648856,0.134648868253047,50,30,182,1461
14,Transformer,or,D2,0.2,0.08189655172413793,0.6545454545454545,0.0708955223880597,0.134648868253047,19,36,213,1455
14,Persistence,or,D3,0.2,0.4583333333333333,0.6126760563380281,0.26570048309178745,0.06964596633778293,55,87,65,1516
14,Climatology,or,D3,0.2,0.0,,0.0,0.06964596633778293,0,0,120,1603
14,RandomForest,or,D3,0.2,0.0,,0.0,0.06964596633778293,0,0,120,1603
14,TCN,or,D3,0.2,0.06666666666666667,0.7333333333333333,0.056338028169014086,0.06964596633778293,8,22,112,1581
14,LSTM,or,D3,0.2,0.075,0.47058823529411764,0.0703125,0.06964596633778293,9,8,111,1595
14,Transformer,or,D3,0.2,0.0,1.0,0.0,0.06964596633778293,0,13,120,1590
14,Persistence,or,D0,0.3,0.6344086021505376,0.33583489681050654,0.48032564450474896,0.3238537434706907,354,179,204,986
14,Climatology,or,D0,0.3,0.0,,0.0,0.3238537434706907,0,0,558,1165
14,RandomForest,or,D0,0.3,0.3960573476702509,0.2078853046594982,0.3587662337662338,0.3238537434706907,221,58,337,1107
14,TCN,or,D0,0.3,0.6577060931899642,0.19693654266958424,0.566358024691358,0.3238537434706907,367,90,191,1075
14,LSTM,or,D0,0.3,0.6093189964157706,0.17274939172749393,0.5405405405405406,0.3238537434706907,340,71,218,1094
14,Transformer,or,D0,0.3,0.41397849462365593,0.2689873417721519,0.359253499222395,0.3238537434706907,231,85,327,1080
14,Persistence,or,D1,0.3,0.6155913978494624,0.3760217983651226,0.44901960784313727,0.2159024956471271,229,138,143,1213
14,Climatology,or,D1,0.3,0.0,,0.0,0.2159024956471271,0,0,372,1351
14,RandomForest,or,D1,0.3,0.23655913978494625,0.1619047619047619,0.2262210796915167,0.2159024956471271,88,17,284,1334
14,TCN,or,D1,0.3,0.4838709677419355,0.23728813559322035,0.4205607476635514,0.2159024956471271,180,56,192,1295
14,LSTM,or,D1,0.3,0.4381720430107527,0.21634615384615385,0.3908872901678657,0.2159024956471271,163,45,209,1306
14,Transformer,or,D1,0.3,0.2768817204301075,0.23134328358208955,0.2555831265508685,0.2159024956471271,103,31,269,1320
14,Persistence,or,D2,0.3,0.6761363636363636,0.41379310344827586,0.4576923076923077,0.10214741729541497,119,84,57,1463
14,Climatology,or,D2,0.3,0.0,,0.0,0.10214741729541497,0,0,176,1547
14,RandomForest,or,D2,0.3,0.0625,0.47619047619047616,0.05913978494623656,0.10214741729541497,11,10,165,1537
14,TCN,or,D2,0.3,0.1590909090909091,0.42857142857142855,0.14213197969543148,0.10214741729541497,28,21,148,1526
14,LSTM,or,D2,0.3,0.11931818181818182,0.5,0.1065989847715736,0.10214741729541497,21,21,155,1526
14,Transformer,or,D2,0.3,0.08522727272727272,0.4827586206896552,0.07894736842105263,0.10214741729541497,15,14,161,1533
14,Persistence,or,D3,0.3,0.4,0.723404255319149,0.19548872180451127,0.03772489843296576,26,68,39,1590
14,Climatology,or,D3,0.3,0.0,,0.0,0.03772489843296576,0,0,65,1658
14,RandomForest,or,D3,0.3,0.0,,0.0,0.03772489843296576,0,0,65,1658
14,TCN,or,D3,0.3,0.015384615384615385,0.8888888888888888,0.0136986301369863,0.03772489843296576,1,8,64,1650
14,LSTM,or,D3,0.3,0.015384615384615385,0.75,0.014705882352941176,0.03772489843296576,1,3,64,1655
14,Transformer,or,D3,0.3,0.0,,0.0,0.03772489843296576,0,0,65,1658
14,Persistence,or,D0,0.4,0.6349557522123894,0.3387096774193548,0.4791318864774624,0.2623331398723157,287,147,165,1124
14,Climatology,or,D0,0.4,0.0,,0.0,0.2623331398723157,0,0,452,1271
14,RandomForest,or,D0,0.4,0.3938053097345133,0.16822429906542055,0.36475409836065575,0.2623331398723157,178,36,274,1235
14,TCN,or,D0,0.4,0.6238938053097345,0.248,0.5174311926605505,0.2623331398723157,282,93,170,1178
14,LSTM,or,D0,0.4,0.5287610619469026,0.22149837133550487,0.4596153846153846,0.2623331398723157,239,68,213,1203
14,Transformer,or,D0,0.4,0.4225663716814159,0.22040816326530613,0.3774703557312253,0.2623331398723157,191,54,261,1217
14,Persistence,or,D1,0.4,0.647887323943662,0.38666666666666666,0.46,0.1648287869994196,184,116,100,1323
14,Climatology,or,D1,0.4,0.0,,0.0,0.1648287869994196,0,0,284,1439
14,RandomForest,or,D1,0.4,0.23591549295774647,0.18292682926829268,0.22408026755852842,0.1648287869994196,67,15,217,1424
14,TCN,or,D1,0.4,0.426056338028169,0.2754491017964072,0.36666666666666664,0.1648287869994196,121,46,163,1393
14,LSTM,or,D1,0.4,0.4014084507042254,0.2597402597402597,0.35185185185185186,0.1648287869994196,114,40,170,1399
14,Transformer,or,D1,0.4,0.21830985915492956,0.28735632183908044,0.20064724919093851,0.1648287869994196,62,25,222,1414
14,Persistence,or,D2,0.4,0.68,0.4785276073619632,0.4187192118226601,0.07254788160185723,85,78,40,1520
14,Climatology,or,D2,0.4,0.0,,0.0,0.07254788160185723,0,0,125,1598
14,RandomForest,or,D2,0.4,0.048,0.6,0.04477611940298507,0.07254788160185723,6,9,119,1589
14,TCN,or,D2,0.4,0.136,0.22727272727272727,0.13076923076923078,0.07254788160185723,17,5,108,1593
14,LSTM,or,D2,0.4,0.112,0.44,0.10294117647058823,0.07254788160185723,14,11,111,1587
14,Transformer,or,D2,0.4,0.08,0.6,0.07142857142857142,0.07254788160185723,10,15,115,1583
14,Persistence,or,D3,0.4,0.375,0.7777777777777778,0.16216216216216217,0.01857225769007545,12,42,20,1649
14,Climatology,or,D3,0.4,0.0,,0.0,0.01857225769007545,0,0,32,1691
14,RandomForest,or,D3,0.4,0.0,,0.0,0.01857225769007545,0,0,32,1691
14,TCN,or,D3,0.4,0.0,1.0,0.0,0.01857225769007545,0,1,32,1690
14,LSTM,or,D3,0.4,0.0,,0.0,0.01857225769007545,0,0,32,1691
14,Transformer,or,D3,0.4,0.0,,0.0,0.01857225769007545,0,0,32,1691
14,Persistence,or,D0,0.5,0.6934097421203438,0.36147757255936674,0.49794238683127573,0.20255368543238536,242,137,107,1237
14,Climatology,or,D0,0.5,0.0,,0.0,0.20255368543238536,0,0,349,1374
14,RandomForest,or,D0,0.5,0.4355300859598854,0.19148936170212766,0.3948051948051948,0.20255368543238536,152,36,197,1338
14,TCN,or,D0,0.5,0.6762177650429799,0.25316455696202533,0.5501165501165501,0.20255368543238536,236,80,113,1294
14,LSTM,or,D0,0.5,0.5702005730659025,0.22568093385214008,0.48894348894348894,0.20255368543238536,199,58,150,1316
14,Transformer,or,D0,0.5,0.44126074498567336,0.22613065326633167,0.39086294416243655,0.20255368543238536,154,45,195,1329
14,Persistence,or,D1,0.5,0.7307692307692307,0.392,0.49673202614379086,0.12071967498549042,152,98,56,1417
14,Climatology,or,D1,0.5,0.0,,0.0,0.12071967498549042,0,0,208,1515
14,RandomForest,or,D1,0.5,0.23557692307692307,0.2222222222222222,0.22072072072072071,0.12071967498549042,49,14,159,1501
14,TCN,or,D1,0.5,0.3942307692307692,0.32786885245901637,0.33064516129032256,0.12071967498549042,82,40,126,1475
14,LSTM,or,D1,0.5,0.38461538461538464,0.26605504587155965,0.33755274261603374,0.12071967498549042,80,29,128,1486
14,Transformer,or,D1,0.5,0.24519230769230768,0.3108108108108108,0.22077922077922077,0.12071967498549042,51,23,157,1492
14,Persistence,or,D2,0.5,0.6119402985074627,0.6403508771929824,0.29285714285714287,0.038885664538595474,41,73,26,1583
14,Climatology,or,D2,0.5,0.0,,0.0,0.038885664538595474,0,0,67,1656
14,RandomForest,or,D2,0.5,0.014925373134328358,0.875,0.013513513513513514,0.038885664538595474,1,7,66,1649
14,TCN,or,D2,0.5,0.07462686567164178,0.5833333333333334,0.06756756756756757,0.038885664538595474,5,7,62,1649
14,LSTM,or,D2,0.5,0.04477611940298507,0.8,0.0379746835443038,0.038885664538595474,3,12,64,1644
14,Transformer,or,D2,0.5,0.029850746268656716,0.875,0.024691358024691357,0.038885664538595474,2,14,65,1642
14,Persistence,or,D3,0.5,0.29411764705882354,0.8571428571428571,0.10638297872340426,0.009866511897852582,5,30,12,1676
14,Climatology,or,D3,0.5,0.0,,0.0,0.009866511897852582,0,0,17,1706
14,RandomForest,or,D3,0.5,0.0,,0.0,0.009866511897852582,0,0,17,1706
14,TCN,or,D3,0.5,0.0,,0.0,0.009866511897852582,0,0,17,1706
14,LSTM,or,D3,0.5,0.0,,0.0,0.009866511897852582,0,0,17,1706
14,Transformer,or,D3,0.5,0.0,,0.0,0.009866511897852582,0,0,17,1706
