held_out,horizon,model,logic,level,regime,POD,FAR,CSI,freq_bias,base_rate,hits,false_alarms,misses,correct_neg
floresT,7,TCN,or,D0,transfer,0.6527777777777778,0.5213849287169042,0.3814935064935065,1.363888888888889,0.20809248554913296,235,256,125,1114
floresT,7,TCN,or,D1,transfer,0.574468085106383,0.5555555555555556,0.33436532507739936,1.2925531914893618,0.10867052023121387,108,135,80,1407
floresT,7,TCN,or,D2,transfer,0.35714285714285715,0.7159090909090909,0.18796992481203006,1.2571428571428571,0.04046242774566474,25,63,45,1597
floresT,7,TCN,or,D3,transfer,0.20588235294117646,0.8653846153846154,0.08860759493670886,1.5294117647058822,0.019653179190751446,7,45,27,1651
floresT,7,TCN,and,D0,transfer,0.8875,0.2828282828282828,0.6574074074074074,1.2375,0.046242774566473986,71,28,9,1622
floresT,7,TCN,and,D1,transfer,0.7333333333333333,0.4634146341463415,0.4489795918367347,1.3666666666666667,0.017341040462427744,22,19,8,1681
floresT,7,TCN,and,D2,transfer,,,,,0.0,0,0,0,1730
floresT,7,TCN,and,D3,transfer,,,,,0.0,0,0,0,1730
floresT,7,RandomForest,or,D0,transfer,0.39444444444444443,0.22826086956521738,0.35323383084577115,0.5111111111111111,0.20809248554913296,142,42,218,1328
floresT,7,RandomForest,or,D1,transfer,0.026595744680851064,0.5,0.025906735751295335,0.05319148936170213,0.10867052023121387,5,5,183,1537
floresT,7,RandomForest,or,D2,transfer,0.0,,0.0,0.0,0.04046242774566474,0,0,70,1660
floresT,7,RandomForest,or,D3,transfer,0.0,,0.0,0.0,0.019653179190751446,0,0,34,1696
floresT,7,RandomForest,and,D0,transfer,0.3875,0.225,0.34831460674157305,0.5,0.046242774566473986,31,9,49,1641
floresT,7,RandomForest,and,D1,transfer,0.0,,0.0,0.0,0.017341040462427744,0,0,30,1700
floresT,7,RandomForest,and,D2,transfer,,,,,0.0,0,0,0,1730
floresT,7,RandomForest,and,D3,transfer,,,,,0.0,0,0,0,1730
floresT,7,Persistence,or,D0,transfer,0.7416666666666667,0.3064935064935065,0.5585774058577406,1.0694444444444444,0.20809248554913296,267,118,93,1252
floresT,7,Persistence,or,D1,transfer,0.6861702127659575,0.3827751196172249,0.48134328358208955,1.1117021276595744,0.10867052023121387,129,80,59,1462
floresT,7,Persistence,or,D2,transfer,0.5571428571428572,0.5125,0.35135135135135137,1.1428571428571428,0.04046242774566474,39,41,31,1619
floresT,7,Persistence,or,D3,transfer,0.5882352941176471,0.4117647058823529,0.4166666666666667,1.0,0.019653179190751446,20,14,14,1682
floresT,7,Persistence,and,D0,transfer,0.75,0.34065934065934067,0.5405405405405406,1.1375,0.046242774566473986,60,31,20,1619
floresT,7,Persistence,and,D1,transfer,0.7333333333333333,0.47619047619047616,0.44,1.4,0.017341040462427744,22,20,8,1680
floresT,7,Persistence,and,D2,transfer,,1.0,0.0,,0.0,0,2,0,1728
floresT,7,Persistence,and,D3,transfer,,,,,0.0,0,0,0,1730
floresT,7,Climatology,or,D0,transfer,0.0,,0.0,0.0,0.20809248554913296,0,0,360,1370
floresT,7,Climatology,or,D1,transfer,0.0,,0.0,0.0,0.10867052023121387,0,0,188,1542
floresT,7,Climatology,or,D2,transfer,0.0,,0.0,0.0,0.04046242774566474,0,0,70,1660
floresT,7,Climatology,or,D3,transfer,0.0,,0.0,0.0,0.019653179190751446,0,0,34,1696
floresT,7,Climatology,and,D0,transfer,0.0,,0.0,0.0,0.046242774566473986,0,0,80,1650
floresT,7,Climatology,and,D1,transfer,0.0,,0.0,0.0,0.017341040462427744,0,0,30,1700
floresT,7,Climatology,and,D2,transfer,,,,,0.0,0,0,0,1730
floresT,7,Climatology,and,D3,transfer,,,,,0.0,0,0,0,1730
