cell_id,horizon,target,model,RMSE,MAE,R2,NSE,KGE,SS_vs_persist
lombok,1,GWETROOT,Persistence,0.010100303412881121,0.0057661290322580635,0.9933633421716478,0.9933455115785589,0.9966047385153276,0.0
lombok,1,SPEI_1,Persistence,0.11670950186188599,0.0720478590201599,0.9815989843648335,0.9815135568221435,0.9907552005813147,0.0
lombok,1,GWETROOT,Climatology,0.07654289260261314,0.06669526003949966,0.658838178705077,0.6178308958486851,0.728143575224439,-56.43027561967757
lombok,1,SPEI_1,Climatology,0.8640000467945059,0.707283959377638,0.0007988078200404779,-0.013137665363145867,-0.38641264812925646,-53.804358827484194
lombok,1,GWETROOT,RandomForest,0.015162434538013499,0.010367318932921466,0.98591480330816,0.985003714114145,0.971659951420257,-1.2535595429900033
lombok,1,SPEI_1,RandomForest,0.5004656015420118,0.41646141750979315,0.6851610368196812,0.6600700781439559,0.6754014008508327,-17.388065166760686
lombok,1,GWETROOT,TCN,0.008194802397977445,0.005677274212172506,0.9956989026719962,0.9956195088718256,0.992632265915579,0.3417238334865441
lombok,1,SPEI_1,TCN,0.34793472803740516,0.2704619217914575,0.8371999408054253,0.8357004073211343,0.5788349888439197,-7.887571887039231
lombok,1,GWETROOT,LSTM,0.007309798587386884,0.005091127718236589,0.9966735034112725,0.9965145676744982,0.9922816514009021,0.4762283582504151
lombok,1,SPEI_1,LSTM,0.3199839158760301,0.2390648639120753,0.861704631603943,0.8610376252755504,0.7154921252583999,-6.516988172765537
lombok,1,GWETROOT,Transformer,0.022100688406506124,0.015582294193555682,0.9686281652763775,0.9681391442333795,0.9829599230047565,-3.7878745515527914
lombok,1,SPEI_1,Transformer,0.510529855387231,0.39884347487518124,0.6587782711635423,0.6462607765194099,0.341269619126915,-18.135061302885287
sumbawaB,1,GWETROOT,Persistence,0.011200929849485156,0.00576036866359447,0.9914384197028453,0.9914138206066653,0.995679347047005,0.0
sumbawaB,1,SPEI_1,Persistence,0.13770026355047876,0.07414274232567755,0.9762515346584553,0.9761143160438279,0.9879588359539786,0.0
sumbawaB,1,GWETROOT,Climatology,0.07895104366728463,0.06814305464121133,0.6563414468311661,0.5734130610516219,0.7339783942961422,-48.682975326549354
sumbawaB,1,SPEI_1,Climatology,0.9667823730779737,0.7748349552083823,0.0007116068490393515,-0.1774042135990499,-0.5888234214205497,-48.293301199139634
sumbawaB,1,GWETROOT,RandomForest,0.017409789668672376,0.011244021166802589,0.9803021912373502,0.9792566520550714,0.9564063298815701,-1.415899667904804
sumbawaB,1,SPEI_1,RandomForest,0.5561810350099969,0.4352034351293563,0.7284412591973531,0.6103268425108486,0.5472694634254888,-15.314088313492014
sumbawaB,1,GWETROOT,TCN,0.010033813227741233,0.0060467742678756535,0.9931424658368583,0.9931099269111704,0.9964251244618804,0.1975391180181707
sumbawaB,1,SPEI_1,TCN,0.35936169068285323,0.27616242513073835,0.8496861717246282,0.837320925010957,0.762087715061003,-5.810735471822496
sumbawaB,1,GWETROOT,LSTM,0.008983612717495676,0.005503473476880156,0.9946914393108098,0.9944767608761539,0.9913903672210076,0.3567291258631715
sumbawaB,1,SPEI_1,LSTM,0.30432881352782815,0.22818034017274375,0.8898980593624828,0.8833313199663805,0.846652192540265,-3.8844605098055816
sumbawaB,1,GWETROOT,Transformer,0.0248341344866618,0.016999690188652907,0.9589915190953544,0.9577924774836839,0.9787820024142128,-3.9157513001744073
sumbawaB,1,SPEI_1,Transformer,0.5588781923046078,0.43046250091615673,0.6103738685570856,0.6065382983906971,0.604264628269847,-15.472699811789617
sumbawaC,1,GWETROOT,Persistence,0.00957025923113643,0.005472350230414746,0.9939267255137548,0.9939111290477967,0.9968764722621396,0.0
sumbawaC,1,SPEI_1,Persistence,0.12869901786937812,0.07860876493463866,0.9804132470113616,0.9803165131536782,0.9901551683840537,0.0
sumbawaC,1,GWETROOT,Climatology,0.0655633410816098,0.053455957867017775,0.7830301848052454,0.7142333655231913,0.8203203425564672,-45.932614719548184
sumbawaC,1,SPEI_1,Climatology,0.9546524870871774,0.7551064177839435,0.00010336226357219168,-0.08303423638055207,-0.3757341184021872,-54.0224787323662
sumbawaC,1,GWETROOT,RandomForest,0.012946596802275471,0.008832966680629878,0.9889572573851284,0.9888570389603626,0.9844149800821538,-0.830053736909163
sumbawaC,1,SPEI_1,RandomForest,0.5336075142605583,0.4268234925270844,0.7591386602864345,0.6616272022304746,0.5362532311184879,-16.19069392589636
sumbawaC,1,GWETROOT,TCN,0.0074644169811008704,0.005234025052066224,0.9963591002663726,0.9962959132391512,0.9970787629155867,0.39166279102887513
sumbawaC,1,SPEI_1,TCN,0.37672316005980866,0.2792097255392189,0.8436846306764831,0.8313461693659518,0.7674972291712384,-7.568290361906275
sumbawaC,1,GWETROOT,LSTM,0.00645945237871926,0.004520789524239877,0.9973354218647428,0.9972261640796246,0.990624158582906,0.5444416637912758
sumbawaC,1,SPEI_1,LSTM,0.3571608796563042,0.2678697331231712,0.8619371154411722,0.8484069339977753,0.8434195571201201,-6.701535159181022
sumbawaC,1,GWETROOT,Transformer,0.018464694134428115,0.013887398098745654,0.9811782622498215,0.9773340669184556,0.9720393234919235,-2.7225182237344665
sumbawaC,1,SPEI_1,Transformer,0.5337160985657446,0.41518297688026273,0.6663222321665497,0.6614894766082238,0.7365529410153665,-16.19769093934861
bima,1,GWETROOT,Persistence,0.009079145090592886,0.005109447004608295,0.9975718234173528,0.9975672316784484,0.9986347974332868,0.0
bima,1,SPEI_1,Persistence,0.11828679209162679,0.07194757369169835,0.98332941145147,0.9832543052038387,0.9896228186986276,0.0
bima,1,GWETROOT,Climatology,0.0827985604234813,0.05909259381171823,0.8050346037561741,0.7976718031798029,0.8734515831434515,-82.16788533778286
bima,1,SPEI_1,Climatology,0.9544552404745309,0.7784565736642416,0.007350269084497202,-0.09028941856129746,-0.43423954416327537,-64.10864027040724
bima,1,GWETROOT,RandomForest,0.014976242245537388,0.010455978175681085,0.9935710564611935,0.9933806316105186,0.9827524831867032,-1.7209201677122596
bima,1,SPEI_1,RandomForest,0.5842182342599382,0.4684167841190429,0.697723190568664,0.5915105174564427,0.4662703654469258,-23.393701635909256
bima,1,GWETROOT,TCN,0.007462597632216434,0.0053288513888961105,0.998377510019639,0.998356419836645,0.9978847317557997,0.32439922503320084
bima,1,SPEI_1,TCN,0.3558770133298565,0.2692119406988179,0.8545451260525082,0.8484239665865989,0.8518316961898909,-8.051641944898432
bima,1,GWETROOT,LSTM,0.007329404111315117,0.005161551441739775,0.9986072502210678,0.9984145659764045,0.9909359179605464,0.3483004486903729
bima,1,SPEI_1,LSTM,0.2836468818979851,0.21324049928472982,0.9055841378316024,0.9037087795739901,0.8902736302743269,-4.750207536810184
bima,1,GWETROOT,Transformer,0.025766555413462993,0.01882704648279375,0.990244376395022,0.9804059790921964,0.9560776525024977,-7.054207519155151
bima,1,SPEI_1,Transformer,0.5259364235214607,0.3941879529434731,0.6733197514109046,0.6689472795439734,0.5795425739339366,-18.769422797071115
manggarai,1,GWETROOT,Persistence,0.01064725576378905,0.0065552995391705065,0.9973007429877693,0.9972967124601868,0.998608991490536,0.0
manggarai,1,SPEI_1,Persistence,0.11415221217530021,0.06779893290001657,0.9839195954142275,0.9838477044695992,0.9908539685818997,0.0
manggarai,1,GWETROOT,Climatology,0.12564077439560367,0.09579479921000658,0.7293424885390382,0.6235753299009938,0.794877000667833,-138.24699631657543
manggarai,1,SPEI_1,Climatology,0.9884699910599684,0.7506117481708772,0.005380116056424481,-0.2111350311628477,-0.9207562886207832,-73.98222335539427
manggarai,1,GWETROOT,RandomForest,0.021283266458312928,0.014271664594712036,0.9895833814192257,0.9891982671035386,0.9867405683023623,-2.9957765266834944
manggarai,1,SPEI_1,RandomForest,0.5876110435822054,0.42080146250594985,0.6269798918360657,0.5719983074950976,0.5950587670362815,-25.497886427309723
manggarai,1,GWETROOT,TCN,0.008924732306171515,0.006848825592599158,0.9983888769839838,0.9981006400931028,0.9907007833635018,0.2973888722808833
manggarai,1,SPEI_1,TCN,0.3270734590358149,0.22075632130627124,0.8854822140468327,0.8673961310300266,0.8267232110005096,-7.20959898364881
manggarai,1,GWETROOT,LSTM,0.00738760415926306,0.00540006108753692,0.9988134759849653,0.998698560141076,0.9886000935640372,0.5185714283971744
manggarai,1,SPEI_1,LSTM,0.33190444351474285,0.22491295184631904,0.8775721145625446,0.8634499947315974,0.855578556750395,-7.4539070630175885
manggarai,1,GWETROOT,Transformer,0.03810231782333941,0.028346040638223775,0.9739580416981315,0.9653805901753056,0.9637988131132358,-11.806410459424255
manggarai,1,SPEI_1,Transformer,0.5298501485128406,0.4164781061043662,0.6552298921454993,0.6520060380765826,0.6418469224214182,-20.54455143966665
ende,1,GWETROOT,Persistence,0.008454949740548869,0.004521889400921659,0.996889480476318,0.9968852615719215,0.9983975322666176,0.0
ende,1,SPEI_1,Persistence,0.13120562571257752,0.07682683815586815,0.9817463839721066,0.981661878630776,0.9906567721511316,0.0
ende,1,GWETROOT,Climatology,0.06634807641135693,0.04540157998683346,0.8213708222515327,0.8081966480346939,0.8506324039990782,-60.579280698580824
ende,1,SPEI_1,Climatology,1.0126177637339617,0.7769735573951467,3.65794846644104e-05,-0.09229768364032886,-0.5375870357418027,-58.56431750274491
ende,1,GWETROOT,RandomForest,0.01583945939140146,0.010889669390595918,0.9899620386166716,0.989068488147752,0.9681117938534515,-2.5096083040884922
ende,1,SPEI_1,RandomForest,0.6074170292311529,0.424061498279768,0.6873670961871216,0.6069716698977712,0.5920829174403506,-20.432311532294136
ende,1,GWETROOT,TCN,0.007125549475503702,0.005009603582768942,0.9980909963482746,0.9977877396268423,0.9941878218294081,0.28974441217446023
ende,1,SPEI_1,TCN,0.3668297256271168,0.265050550968251,0.8728742211493145,0.8566561808636799,0.5633416398332869,-6.81671231475692
ende,1,GWETROOT,LSTM,0.00607808165094781,0.004286782038376628,0.9986210139205024,0.9983903458254173,0.9880430848832037,0.4832136913738794
ende,1,SPEI_1,LSTM,0.31726294740926464,0.2255482304353973,0.8984564168111796,0.892776831072182,0.8454495192268953,-4.847009449275738
ende,1,GWETROOT,Transformer,0.022168750028816724,0.015979456236834895,0.9797543956293129,0.9785867822614003,0.9834591335549075,-5.874804492590817
ende,1,SPEI_1,Transformer,0.5850820432766578,0.44205275699256724,0.6390390876114821,0.6353439123847647,0.7204708009714242,-18.885138737669198
floresT,1,GWETROOT,Persistence,0.010258749216345574,0.005650921658986174,0.9977688009408322,0.9977656389738178,0.9988075381405378,0.0
floresT,1,SPEI_1,Persistence,0.14553319752463323,0.0848135600861225,0.9777906687101605,0.9776647239474252,0.9887597893828503,0.0
floresT,1,GWETROOT,Climatology,0.09313215363162151,0.06760947992100065,0.8686262613027407,0.815853354193965,0.8609016663932225,-81.4157974688069
floresT,1,SPEI_1,Climatology,1.0398220910893934,0.8394116332248189,0.0007378345988218015,-0.14021109159850398,-0.9363356514454546,-50.049787292289174
floresT,1,GWETROOT,RandomForest,0.018594232611738475,0.012002325008505028,0.9930574118516445,0.9926595777977456,0.9758699304093863,-2.2852444686598004
floresT,1,SPEI_1,RandomForest,0.6633839158906545,0.510094852580225,0.7048424461125007,0.5359155071343544,0.22740910575373652,-19.77809523254789
floresT,1,GWETROOT,TCN,0.00822756231621599,0.005862197098644102,0.9987873565561487,0.99856283417427,0.9944393338829116,0.35678889450306794
floresT,1,SPEI_1,TCN,0.3594325400729421,0.26005555027541427,0.8819368793832075,0.8637608373335146,0.8426958023469676,-5.099730415052553
floresT,1,GWETROOT,LSTM,0.008770489945833055,0.006486562394326732,0.9990663527891085,0.9983669020601604,0.9877151962574712,0.269098448861695
floresT,1,SPEI_1,LSTM,0.2957118820423508,0.21910561420308652,0.9116800524584249,0.9077843286427145,0.8928712086172799,-3.128700766456605
floresT,1,GWETROOT,Transformer,0.02220765166085193,0.016854794952451905,0.991512407119293,0.9895294427860294,0.9845129467764895,-3.6861528156266443
floresT,1,SPEI_1,Transformer,0.643705496509721,0.47522073571091544,0.569592582112993,0.5630400664123213,0.6721087891790068,-18.563668367434666
sumba,1,GWETROOT,Persistence,0.007710188363995716,0.004205069124423964,0.996940790852343,0.9969366742302541,0.9984141647442485,0.0
sumba,1,SPEI_1,Persistence,0.11897295874813812,0.06859777262096983,0.9839141108113428,0.9838481072226734,0.9918657710334315,0.0
sumba,1,GWETROOT,Climatology,0.05956594152711956,0.041159512837393025,0.8195689512454146,0.8171650448443464,0.8644744274956851,-58.685116405632016
sumba,1,SPEI_1,Climatology,0.9699596486705395,0.7590198777692764,0.012582683425738109,-0.07357955810771344,-0.45897037652961203,-65.46772442761379
sumba,1,GWETROOT,RandomForest,0.013395051152184315,0.009669422638362846,0.9911101606561885,0.9907540410546188,0.9766975232155202,-2.0182747903264064
sumba,1,SPEI_1,RandomForest,0.5510276266356386,0.43531763339321083,0.7688379522103901,0.6535236103258364,0.480818363163636,-20.45113235029226
sumba,1,GWETROOT,TCN,0.006604628568412175,0.004756480353768517,0.9979391382364463,0.9977521878962882,0.9967885221405898,0.26621839377589784
sumba,1,SPEI_1,TCN,0.32464586913300414,0.2443128823760638,0.8915324084175243,0.8797329493236993,0.7207560149518338,-6.446003532485462
sumba,1,GWETROOT,LSTM,0.005744591190312654,0.00413031830765685,0.9984296017842521,0.9982994810980559,0.9875909569758208,0.44487820435593395
sumba,1,SPEI_1,LSTM,0.31076553067795754,0.2246971393049222,0.8933732579285065,0.8897972118455808,0.7630428480248648,-5.822902409872188
sumba,1,GWETROOT,Transformer,0.016808052506108426,0.012243450908891614,0.9860819950010651,0.9854421245293595,0.9849085494709106,-3.752310581661799
sumba,1,SPEI_1,Transformer,0.5581851988525868,0.4282048117704567,0.6513709777355204,0.6444640416897633,0.4435813528305944,-21.01203061534206
kupang,1,GWETROOT,Persistence,0.010267168380024689,0.005541474654377881,0.9966053735213943,0.9966017451751302,0.9982927378582873,0.0
kupang,1,SPEI_1,Persistence,0.14949929345717708,0.07879438976371028,0.9737188076485265,0.9735446082151964,0.9867655022794737,0.0
kupang,1,GWETROOT,Climatology,0.07093273181258644,0.04980483870967741,0.8714250497312109,0.837801084771615,0.8896731425546734,-46.73006251366119
kupang,1,SPEI_1,Climatology,1.018418925418712,0.7928777637807588,0.02119971386638654,-0.22769034305425118,-1.334709301590204,-45.406054124643724
kupang,1,GWETROOT,RandomForest,0.016666361951565678,0.010810527975715297,0.9911815440200872,0.9910456061586566,0.9837069113173773,-1.634997757028605
kupang,1,SPEI_1,RandomForest,0.6934579247855788,0.5316261578439772,0.6195770190112175,0.4307852460671584,-0.9213924770777524,-20.516020573915956
kupang,1,GWETROOT,TCN,0.008163669400186655,0.005445276314761779,0.9980598517843384,0.9978515493057984,0.9949206547718716,0.3677782259063155
kupang,1,SPEI_1,TCN,0.3503904727456093,0.26138276895935114,0.8796256603845097,0.8546749452622445,0.6848338848089415,-4.493211210776037
kupang,1,GWETROOT,LSTM,0.006338552567727212,0.0041706418647744145,0.998816339702587,0.9987048061721496,0.9913348586809778,0.6188650073056372
kupang,1,SPEI_1,LSTM,0.3104392091357305,0.22515422622482412,0.8935803457772484,0.8859253739145193,0.8070006692628743,-3.3119613201497513
kupang,1,GWETROOT,Transformer,0.02515699939295686,0.01655829811494471,0.979647102343641,0.9795980230828831,0.9885318744264001,-5.003663047222701
kupang,1,SPEI_1,Transformer,0.636821037852972,0.43393129359019555,0.5577896862590589,0.5199674117459308,0.44692084595742254,-17.144981263509678
soe,1,GWETROOT,Persistence,0.01171866839449313,0.006221198156682028,0.9962086620997282,0.9962038681619808,0.9980879645671603,0.0
soe,1,SPEI_1,Persistence,0.15456823315777965,0.07816914488581259,0.9687365332101261,0.968489113930119,0.9842412638103878,0.0
soe,1,GWETROOT,Climatology,0.07781123715670298,0.053401053324555636,0.8597150832006979,0.8326331673013279,0.8959297246851002,-43.08878296123818
soe,1,SPEI_1,Climatology,0.9632107500013909,0.7426602989198523,0.0308517132907016,-0.2236656588856245,-1.0050193051109564,-37.83310853817093
soe,1,GWETROOT,RandomForest,0.02045599026382969,0.01271590407236345,0.9886013518744579,0.9884328658252988,0.9803918774987824,-2.0470844186320547
soe,1,SPEI_1,RandomForest,0.6100401311403849,0.4411533090269047,0.6702192147607617,0.509163396971424,0.20747391962893103,-14.576731226791267
soe,1,GWETROOT,TCN,0.008898047647668302,0.005303175927307201,0.997920756164799,0.997811360612614,0.9948771340426559,0.4234553801671791
soe,1,SPEI_1,TCN,0.4208645373227943,0.305396914843141,0.8145544373880573,0.7663828097862826,0.48152426931098447,-6.413856585804354
soe,1,GWETROOT,LSTM,0.007272512026331381,0.004688726539985377,0.9985958915675207,0.9985379788582242,0.9920839236472659,0.61486555152449
soe,1,SPEI_1,LSTM,0.3840126084303488,0.28637244325176436,0.8293082515682646,0.8055038100650955,0.5987669786505879,-5.172349120985524
soe,1,GWETROOT,Transformer,0.025442332965466635,0.017638829836647628,0.9830209232958772,0.9821063630904519,0.9774370157361045,-3.7136500187741754
soe,1,SPEI_1,Transformer,0.6105008303146114,0.4341333960173393,0.5325772742734726,0.5084217624739313,0.5498221355509929,-14.600267045360377
