held_out,horizon,target,model,regime,RMSE,MAE,R2,NSE,KGE,SS_vs_persist
manggarai,1,GWETROOT,TCN,transfer,0.012576954782859242,0.010382379090181694,0.997659760381333,0.9962280331399583,0.9738410672973932,-0.3953258040401897
manggarai,1,SPEI_1,TCN,transfer,0.8669237231426575,0.7347652775751665,0.4250403832545665,0.06840454156520337,-0.139840738382488,-56.67573139566505
manggarai,1,GWETROOT,RandomForest,transfer,0.024290451213342338,0.015513584133345106,0.9883351293083968,0.9859301964435152,0.9828766220899441,-4.204701072035157
manggarai,1,SPEI_1,RandomForest,transfer,0.7092626371267639,0.5585393113924749,0.40605034731445594,0.37643784010785564,0.28553546947085295,-37.60517278912567
manggarai,1,GWETROOT,Persistence,transfer,0.01064725576378905,0.0065552995391705065,0.9973007429877693,0.9972967124601868,0.998608991490536,0.0
manggarai,1,SPEI_1,Persistence,transfer,0.11415221217530021,0.06779893290001657,0.9839195954142275,0.9838477044695992,0.9908539685818997,0.0
manggarai,1,GWETROOT,Climatology,transfer,0.12564077439560367,0.09579479921000658,0.7293424885390382,0.6235753299009938,0.794877000667833,-138.24699631657543
manggarai,1,SPEI_1,Climatology,transfer,0.9884699910599684,0.7506117481708772,0.005380116056424481,-0.2111350311628477,-0.9207562886207832,-73.98222335539427
manggarai,7,GWETROOT,TCN,transfer,0.03818205255372093,0.029815389143938272,0.966704547637984,0.9651691199577854,0.9444531143779954,0.1825651107207703
manggarai,7,SPEI_1,TCN,transfer,1.1570999719349555,0.9229541020027979,0.3570014502602595,-0.6741172216439673,-1.9161190925030707,-5.871180921329569
manggarai,7,GWETROOT,RandomForest,transfer,0.046457089837073424,0.030910374201772912,0.9592628968327555,0.9484356072138486,0.9561302505851168,-0.21014839868566337
manggarai,7,SPEI_1,RandomForest,transfer,0.7449017430531606,0.5789211728124823,0.3179085960367341,0.3061875655992333,0.2563356106252369,-1.847656484624367
manggarai,7,GWETROOT,Persistence,transfer,0.04223112842551671,0.03036994219653179,0.9580152713986732,0.9573900251885179,0.9786717957400868,0.0
manggarai,7,SPEI_1,Persistence,transfer,0.44142323695772123,0.3173467935645842,0.7723502782602079,0.7563566960597471,0.8747518440441603,0.0
manggarai,7,GWETROOT,Climatology,transfer,0.12566955162353885,0.09572148637489679,0.7280164029755503,0.6226832921076946,0.7943372007093973,-7.855126283497128
manggarai,7,SPEI_1,Climatology,transfer,0.9822384101352041,0.7458720831786787,0.004731885276591478,-0.20636276515782925,-0.8843275531990924,-3.9513479157779683
manggarai,14,GWETROOT,TCN,transfer,0.06541849605379119,0.052927440657424704,0.9192978201159318,0.8976295516543743,0.8036116843659504,0.11997664452865064
manggarai,14,SPEI_1,TCN,transfer,0.941343252424291,0.7346579041435479,0.19430832532206077,-0.11139621961778423,-1.0744228176453126,-0.8790758957343385
manggarai,14,GWETROOT,RandomForest,transfer,0.0682513077309835,0.04828380066116568,0.9207908985592418,0.8885717144980673,0.9214689348360112,0.04211131936475099
manggarai,14,SPEI_1,RandomForest,transfer,0.7826059063981314,0.6012235761085383,0.23494696151823669,0.23182683819166394,0.2191937426561159,-0.29877684180038977
manggarai,14,GWETROOT,Persistence,transfer,0.06973542571416405,0.05123621590249565,0.8878093131950408,0.8836730324153783,0.9421026440244563,0.0
manggarai,14,SPEI_1,Persistence,transfer,0.6867139236393429,0.5182665906273872,0.49884445655520904,0.40854106950083935,0.700132910318515,0.0
manggarai,14,GWETROOT,Climatology,transfer,0.1257850655417804,0.09573521266893292,0.7266128797760268,0.6215298303552834,0.793489193130558,-2.2535032718823302
manggarai,14,SPEI_1,Climatology,transfer,0.978887133060976,0.7425369480951931,0.0042775589593139415,-0.2018164034091301,-0.8540013943731424,-1.0319524170424805
manggarai,30,GWETROOT,TCN,transfer,0.09403524337705849,0.07528357878859865,0.8295134472355513,0.7892383732957073,0.7674552121226024,0.392253195532024
manggarai,30,SPEI_1,TCN,transfer,1.2596629467062566,1.013120428700041,0.048460637410652596,-0.9741410115627962,-1.722212774547832,-0.4210452623223766
manggarai,30,GWETROOT,RandomForest,transfer,0.11284817941658537,0.08373735401650788,0.8231272874293687,0.6964715878161509,0.8423092060103168,0.12475327954841675
manggarai,30,SPEI_1,RandomForest,transfer,0.8995897602977737,0.7053804956390991,0.021999225085018698,-0.006835380123944024,-0.11261212459160785,0.2752500259689943
manggarai,30,GWETROOT,Persistence,transfer,0.12062277373792084,0.08974809607498535,0.6854628839336764,0.6532081696607286,0.8277605107515275,0.0
manggarai,30,SPEI_1,Persistence,transfer,1.056696816773818,0.8377053853558429,0.09414332166771001,-0.38921754563715294,0.3001216223749765,0.0
manggarai,30,GWETROOT,Climatology,transfer,0.12630960760877835,0.09627403129969035,0.7254149539353659,0.6197379299977297,0.7915655437300603,-0.09651392199826203
manggarai,30,SPEI_1,Climatology,transfer,0.9820097297972523,0.745048280531771,0.004327956847115346,-0.19977841154261355,-0.8847615303768566,0.13636390836660128
