horizon,target,comparison,DM,p_raw,p_adj_BH,reject_BH,beats_persistence
1,GWETROOT,RandomForest_vs_Persistence,13.07274279799219,2.567629118533352e-37,1.283814559266676e-36,True,False
1,SPEI_1,RandomForest_vs_Persistence,28.76806341000926,3.87796442182828e-149,5.170619229104374e-148,True,False
1,GWETROOT,TCN_vs_Persistence,-5.030334669898005,5.403110060258462e-07,1.0806220120516924e-06,True,True
1,SPEI_1,TCN_vs_Persistence,22.97745437088593,3.2135580559229622e-102,2.142372037281975e-101,True,False
1,GWETROOT,LSTM_vs_Persistence,-7.470743218717546,1.2570784882472642e-13,4.190261627490881e-13,True,True
1,SPEI_1,LSTM_vs_Persistence,20.420058221497776,3.111017821919368e-83,1.77772446966821e-82,True,False
1,GWETROOT,Transformer_vs_Persistence,28.77151356466513,3.625630892310266e-149,5.170619229104374e-148,True,False
1,SPEI_1,Transformer_vs_Persistence,26.488695087221103,3.9905913441093555e-130,3.1924730752874844e-129,True,False
1,GWETROOT,Climatology_vs_Persistence,33.546448430644176,1.352689101251035e-190,5.41075640500414e-189,True,False
1,SPEI_1,Climatology_vs_Persistence,27.643573211546975,1.1062138415346361e-139,1.1062138415346361e-138,True,False
7,GWETROOT,RandomForest_vs_Persistence,-3.4435344390783666,0.0005878582862170762,0.0008064125004766554,True,True
7,SPEI_1,RandomForest_vs_Persistence,3.760348595141286,0.0001753231195711638,0.00025973795492024266,True,False
7,GWETROOT,TCN_vs_Persistence,-5.574138994256991,2.8807129962378604e-08,6.778148226442025e-08,True,True
7,SPEI_1,TCN_vs_Persistence,2.8379696771855514,0.004593146593140012,0.005741433241425015,True,False
7,GWETROOT,LSTM_vs_Persistence,-5.276778829787048,1.4805781743635232e-07,3.117006682870575e-07,True,True
7,SPEI_1,LSTM_vs_Persistence,1.8439256521434002,0.06536498291837987,0.07689997990397633,False,False
7,GWETROOT,Transformer_vs_Persistence,6.779690150287234,1.6472366039698192e-11,5.0684203199071357e-11,True,False
7,SPEI_1,Transformer_vs_Persistence,7.988592334488372,2.4690674438622766e-15,8.978427068590096e-15,True,False
7,GWETROOT,Climatology_vs_Persistence,11.231575108795372,2.653401705118428e-28,1.1792896467193014e-27,True,False
7,SPEI_1,Climatology_vs_Persistence,8.515178933290587,3.556630973039754e-17,1.4226523892159015e-16,True,False
14,GWETROOT,RandomForest_vs_Persistence,-4.893268791058046,1.084350139307648e-06,1.9715457078320875e-06,True,True
14,SPEI_1,RandomForest_vs_Persistence,-1.2525190434972597,0.21055086576334886,0.22762255758199876,False,False
14,GWETROOT,TCN_vs_Persistence,-5.579594011926574,2.7950191039213526e-08,6.778148226442025e-08,True,True
14,SPEI_1,TCN_vs_Persistence,-1.1157728898927506,0.26467503823679356,0.2786053034071511,False,False
14,GWETROOT,LSTM_vs_Persistence,-4.676163389532334,3.1506871879661905e-06,5.479455979071636e-06,True,True
14,SPEI_1,LSTM_vs_Persistence,-0.42994579485911394,0.6672888677060139,0.6672888677060139,False,False
14,GWETROOT,Transformer_vs_Persistence,1.515555777403408,0.12981524771763403,0.14836028310586746,False,False
14,SPEI_1,Transformer_vs_Persistence,3.2290320248027498,0.0012654931687578715,0.0016328944113004795,True,False
14,GWETROOT,Climatology_vs_Persistence,5.789958619247993,8.349954317839959e-09,2.3857012336685598e-08,True,False
14,SPEI_1,Climatology_vs_Persistence,3.8558405118923456,0.00011957376665569616,0.00019928961109282693,True,False
30,GWETROOT,RandomForest_vs_Persistence,-5.52971534476253,3.704920183080754e-08,8.233155962401676e-08,True,True
30,SPEI_1,RandomForest_vs_Persistence,-3.649682836157893,0.0002704698851700047,0.00038638555024286385,True,True
30,GWETROOT,TCN_vs_Persistence,-5.619630423175572,2.2309839160021915e-08,5.949290442672511e-08,True,True
30,SPEI_1,TCN_vs_Persistence,-3.775742520677474,0.00016499736004837903,0.0002538420923821216,True,True
30,GWETROOT,LSTM_vs_Persistence,-4.893616122424276,1.083362150567499e-06,1.9715457078320875e-06,True,True
30,SPEI_1,LSTM_vs_Persistence,-3.4358724580424997,0.0006048093753574915,0.0008064125004766554,True,True
30,GWETROOT,Transformer_vs_Persistence,-3.823062471793278,0.0001365400045751838,0.0002184640073202941,True,True
30,SPEI_1,Transformer_vs_Persistence,-2.5458776837318102,0.01098763030006717,0.013318339757657177,True,True
30,GWETROOT,Climatology_vs_Persistence,-0.8885250308615575,0.37438365569608745,0.38398323661137174,False,False
30,SPEI_1,Climatology_vs_Persistence,-1.4066400830901262,0.15971627261544494,0.17746252512827215,False,False
