target,model,horizon,seed,RMSE,MAE,R2,NSE,KGE,SS_vs_persist
GWETROOT,RandomForest,1,0,0.012080543291163579,0.008792597926267279,0.9903019500259367,0.9902979770366861,0.9939577854807571,-0.5934026257861627
SPEI_1,RandomForest,1,0,0.5383444427546751,0.4313358407240917,0.6913174200726252,0.6555937334146973,0.4347028552137715,-16.496268779815047
GWETROOT,RandomForest,1,1,0.012108653763641192,0.008769642857142858,0.9902579246602886,0.9902527728183469,0.9941834559033077,-0.6008266981132082
SPEI_1,RandomForest,1,1,0.5382613074276058,0.4314062530741434,0.692939743648265,0.6557000969787294,0.44017081346376674,-16.490865377829547
GWETROOT,RandomForest,1,2,0.012127782888868816,0.008841791474654383,0.9902275413380819,0.990221951355682,0.9938765796186136,-0.6058886320754724
SPEI_1,RandomForest,1,2,0.5385036281614868,0.43194644899429163,0.6919388781859378,0.655390025331395,0.45138491658099666,-16.506617405040178
GWETROOT,RandomForest,1,3,0.01235634247294707,0.008969066820276497,0.9898537661335385,0.989849925265718,0.9937927084719607,-0.6669879874213831
SPEI_1,RandomForest,1,3,0.5384585251871984,0.4322186171865342,0.6903006264904564,0.6554477493024371,0.4537517986611075,-16.5036849551681
GWETROOT,RandomForest,1,4,0.012151312131648061,0.008815264976958528,0.9901848355063116,0.9901839735549092,0.9934539725756328,-0.6121258805031446
SPEI_1,RandomForest,1,4,0.5358784103788994,0.43063944527189374,0.6959620686182311,0.6587417987548682,0.44493818042882427,-16.33634312609757
GWETROOT,TCN,1,0,0.00801430160514842,0.005691778207978894,0.9958818667117068,0.9957300702402317,0.9884360736514424,0.2987320977425033
SPEI_1,TCN,1,0,0.5005111175114915,0.38780247328218714,0.7116594391647492,0.7023005490415342,0.5432018711328428,-14.12350417202008
GWETROOT,TCN,1,1,0.008599028550413628,0.006308062783172055,0.9959922451865235,0.9950842685617509,0.9926261216362218,0.192669465844034
SPEI_1,TCN,1,1,0.4858549563572794,0.3741357304807547,0.7295664475885701,0.7194799863297199,0.5286325703754546,-13.250767287002843
GWETROOT,TCN,1,2,0.007686203540646117,0.005563108056509001,0.9961881223744605,0.9960725277231028,0.9969745986821663,0.3549752806838602
SPEI_1,TCN,1,2,0.47586419829218046,0.3672313075985082,0.7371418429783407,0.7308981768377363,0.763518265018943,-12.670708938796489
GWETROOT,TCN,1,3,0.011899497394869058,0.009340157607046687,0.9937299868926857,0.9905865980632778,0.9582972260534859,-0.5460012226594981
SPEI_1,TCN,1,3,0.6596727232679468,0.5371560548394003,0.5220730195170358,0.48286059646213886,0.5051179255114943,-25.271328018041856
GWETROOT,TCN,1,4,0.009361238822743938,0.00680319149167307,0.9954979614695079,0.9941741940289849,0.988386983808308,0.043204230021168244
SPEI_1,TCN,1,4,0.5270797889792955,0.41419738767028536,0.697127347537545,0.6698560802829014,0.2625600953860965,-15.771723733898334
GWETROOT,LSTM,1,0,0.007907963797507338,0.005744320826459038,0.9965336780505276,0.995842629681129,0.9761739980376538,0.3172181917623642
SPEI_1,LSTM,1,0,0.41866240845436836,0.31900953964321044,0.7993430715555889,0.7917051600112129,0.6726487480195129,-9.581638197311209
GWETROOT,LSTM,1,1,0.008459256752731898,0.006090952939426842,0.9965227749312919,0.9952427740451323,0.977896902206874,0.21870146498239362
SPEI_1,LSTM,1,1,0.46723263890632494,0.3604148502402065,0.7650414922154162,0.7405719550832512,0.31328598954610554,-12.179268913683195
GWETROOT,LSTM,1,2,0.007814169315825861,0.00586342841867478,0.996477380317544,0.9959406639971098,0.9793677793770091,0.33331876553873785
SPEI_1,LSTM,1,2,0.4609599834835025,0.3407330064112515,0.7574512539423089,0.7474909039275794,0.501943675787236,-11.827777665122616
GWETROOT,LSTM,1,3,0.009464203989220798,0.007107019647612548,0.9961496308832383,0.9940453320215162,0.9685436608699202,0.0220406992976363
SPEI_1,LSTM,1,3,0.5138358275585575,0.39287955694947,0.7202570789231032,0.6862387247971712,0.5670472760084586,-14.939464917623765
GWETROOT,LSTM,1,4,0.008607496050153556,0.0067582038038062585,0.9963115108484883,0.995074582712222,0.9934662960412577,0.1910787194470558
SPEI_1,LSTM,1,4,0.5246172084271374,0.4081410171507959,0.7043977791307082,0.6729338183478895,0.2838049455350561,-15.615370793654833
GWETROOT,Transformer,1,0,0.030740463494729576,0.025208341245827038,0.9447014571861906,0.9371782270366634,0.885323911821644,-9.317474858061079
SPEI_1,Transformer,1,0,0.8533592485006176,0.6808635274879731,0.2400335892234658,0.13460501179737983,-11.466611469193227,-42.96314696715235
GWETROOT,Transformer,1,1,0.026796668655190127,0.020507919960719646,0.966669957465894,0.9522634555026652,0.9232015391487843,-6.839966534363907
SPEI_1,Transformer,1,1,0.720484823918454,0.5569882366811497,0.4207774958770698,0.38312062336441033,0.037697364117724175,-30.338243305941123
GWETROOT,Transformer,1,2,0.03639754120991971,0.03016790570339299,0.9455335430461028,0.9119288922156185,0.8380671427423219,-13.464275639231866
SPEI_1,Transformer,1,2,0.8459390470032553,0.6782005222377661,0.15145747525298103,0.14958929239389618,0.10420065729419659,-42.201926785568105
GWETROOT,Transformer,1,3,0.034864372798800156,0.027420784131310504,0.9548996725650892,0.9191922378598841,0.89128821568188,-12.271386891665731
SPEI_1,Transformer,1,3,0.6653419541733778,0.5116644399084755,0.5132321212154348,0.4739338045450592,0.07483429106439565,-25.724820204090744
GWETROOT,Transformer,1,4,0.04539639981557723,0.03707445285493328,0.9518803662453652,0.8629963332321886,0.9093581824958314,-21.500668488997015
SPEI_1,Transformer,1,4,0.7940304906838995,0.6312531504192875,0.26529144201949195,0.25075313286415246,0.1974841794357184,-37.06267725560189
GWETROOT,Persistence,1,0,0.00957025923113643,0.005472350230414746,0.9939267255137548,0.9939111290477967,0.9968764722621396,0.0
SPEI_1,Persistence,1,0,0.1287026571756615,0.07860876493463866,0.9804121892767595,0.9803154449145961,0.990154634472874,0.0
GWETROOT,Climatology,1,0,0.0655633410816098,0.053455957867017775,0.7830301848052454,0.7142333655231913,0.8203203425564672,-45.932614719548184
SPEI_1,Climatology,1,0,0.9546542387370703,0.755109171454873,0.00010329423632997695,-0.08303573590051117,-0.3757320663777519,-54.01956895655617
GWETROOT,RandomForest,7,0,0.02469143839588539,0.01805034682080925,0.9592959466623605,0.9590657859982569,0.9610814962688278,0.20392170352479455
SPEI_1,RandomForest,7,0,0.5746337881977515,0.45298397250222266,0.6385311588542609,0.6086719850190128,0.526781392599346,-0.5164712341339819
GWETROOT,RandomForest,7,1,0.024510479798286213,0.017903034682080925,0.9599101857621652,0.9596635846501284,0.9612487583172291,0.21554754132387344
SPEI_1,RandomForest,7,1,0.5760953016314639,0.4548048360698971,0.6345343212313509,0.6066788600672912,0.5316147271144289,-0.524194976211245
GWETROOT,RandomForest,7,2,0.024935061613877377,0.018192254335260113,0.9585101280497352,0.9582540290825793,0.9599419849920298,0.18813485923465956
SPEI_1,RandomForest,7,2,0.5765946250984038,0.45388624399260136,0.6339504728071621,0.6059967521386382,0.5338645601863666,-0.5268382754711438
GWETROOT,RandomForest,7,3,0.02468069920595439,0.01795485549132948,0.9592936123287832,0.9591013857630697,0.9620538501457296,0.20461403879538087
SPEI_1,RandomForest,7,3,0.5768282866956218,0.45460262853422995,0.633074599659098,0.605677352413844,0.5383166337898696,-0.5280760107630171
GWETROOT,RandomForest,7,4,0.02492348516393249,0.01816219653179191,0.958496659398147,0.9582927823824714,0.9610554343607804,0.18888852366216313
SPEI_1,RandomForest,7,4,0.5737370062870651,0.453056367755818,0.6369101534589874,0.6098924564021422,0.5362610179692884,-0.5117416730656557
GWETROOT,TCN,7,0,0.025057438168900912,0.018244487142976308,0.9635167210244329,0.9578432609424568,0.9262820495953911,0.1801463437785903
SPEI_1,TCN,7,0,0.6293981203325614,0.513917565581086,0.5645711502068489,0.5305282051190794,0.07015996614986053,-0.8192933930599249
GWETROOT,TCN,7,1,0.02401017628478408,0.01738800488317633,0.9633283193346887,0.961293458126407,0.9585582333967888,0.24724491067877907
SPEI_1,TCN,7,1,0.6289301016063642,0.5050949539523367,0.5647110180952924,0.5312261414240733,-0.08836025082583387,-0.8165887558009937
GWETROOT,TCN,7,2,0.023498944877741776,0.017545250115367027,0.9640070859640666,0.9629242111713058,0.9454378026414324,0.27895938566294576
SPEI_1,TCN,7,2,0.5859703160129056,0.4472369581552403,0.6080636470168408,0.593079232627914,0.3482522214454701,-0.5768961450957595
GWETROOT,TCN,7,3,0.023319933103893083,0.017258026247768732,0.9639187267033131,0.9634869362524805,0.9569743488649891,0.2899031214822372
SPEI_1,TCN,7,3,0.5642281676113223,0.43322336250069615,0.6400756312882082,0.6227162072941602,0.36569787250799735,-0.4620471748519508
GWETROOT,TCN,7,4,0.023358375292147845,0.016835083451574247,0.963794020181148,0.9633664557181372,0.9611676879547495,0.28756004635846955
SPEI_1,TCN,7,4,0.5456253471648991,0.4172175995493259,0.6548589754316245,0.6471844668362501,0.574118937947327,-0.36722796865045715
GWETROOT,LSTM,7,0,0.02460406221114799,0.017771666515769294,0.9627823149984271,0.959354983164813,0.9462174334496593,0.2095459372694013
SPEI_1,LSTM,7,0,0.5379141056361154,0.4225882970617309,0.6763769274195266,0.6570865748122909,0.6175979347167293,-0.3288553979984832
GWETROOT,LSTM,7,1,0.023896160797582975,0.017412191419243123,0.9621628782954379,0.9616601915461394,0.9610172148118972,0.2543770499700969
SPEI_1,LSTM,7,1,0.5644461794132517,0.4479401505262138,0.6393742865817986,0.6224245940251936,0.35406392672420406,-0.4631772322895742
GWETROOT,LSTM,7,2,0.023990450392506926,0.01738599717685942,0.9653313624256171,0.9613570317899836,0.9412586296698051,0.24848127529539532
SPEI_1,LSTM,7,2,0.5708466708823667,0.4316112741743651,0.6572242572539506,0.6138130733544105,0.2587893410064809,-0.49654852920535286
GWETROOT,LSTM,7,3,0.02343659935722244,0.01759119247976755,0.9641549196222159,0.9631206832264859,0.948177892109622,0.2827803247674847
SPEI_1,LSTM,7,3,0.5551077213362412,0.42547678642405984,0.65127839807247,0.6348148079103761,0.37422915882826424,-0.41516277326199935
GWETROOT,LSTM,7,4,0.023277263693884418,0.016561774161509696,0.9639107415379977,0.963620432821429,0.9773010182420159,0.2924993291726852
SPEI_1,LSTM,7,4,0.533019047030097,0.40836882904259425,0.6799847609312253,0.6632992533340458,0.47320549251056376,-0.30478007523984774
GWETROOT,Transformer,7,0,0.045783760302142,0.03533639126292543,0.9122128075308339,0.8592603089868512,0.9202586131236764,-1.7370701062788956
SPEI_1,Transformer,7,0,0.8967831999197541,0.7227699268489293,0.22260091154952458,0.0469107964913239,-1.653270826850715,-2.693403756832482
GWETROOT,Transformer,7,1,0.05617612925478448,0.04663976446052507,0.8020112204806751,0.7881164222342985,0.7938839980943748,-3.1206585188519416
SPEI_1,Transformer,7,1,0.988580300583922,0.7752664186217614,0.030437031180840058,-0.15819724241770383,-1.280903778414455,-3.4882368098922942
GWETROOT,Transformer,7,2,0.05143738729648219,0.042931520660488595,0.8400783978962812,0.8223556182758134,0.7667291163258969,-2.454783247465296
SPEI_1,Transformer,7,2,0.9128259339716095,0.7118651593458576,0.03368639871624622,0.012505778743141627,-0.03747174640270989,-2.826729809983883
GWETROOT,Transformer,7,3,0.03980244401228077,0.032724932437687246,0.9209904537454285,0.8936314705601234,0.8580664521735354,-1.0686284024279495
SPEI_1,Transformer,7,3,0.832680210736908,0.6433475569841689,0.27662580003893117,0.1782965518890759,-0.3443935327534271,-2.184258714800838
GWETROOT,Transformer,7,4,0.04011762248622688,0.029169713531615415,0.8957968931123823,0.8919402273742059,0.9163987497346728,-1.101519274457718
SPEI_1,Transformer,7,4,0.9263435503223201,0.7281264267889235,0.12075444421571635,-0.016957460437254213,-1.5957015032567554,-2.9409055218445594
GWETROOT,Persistence,7,0,0.027673780917847446,0.020549132947976875,0.9496989789707785,0.9485801658166194,0.9737658734381143,0.0
SPEI_1,Persistence,7,0,0.4666315192086112,0.34224863339800676,0.7586660412859603,0.7419482769124436,0.8707474621234631,0.0
GWETROOT,Climatology,7,0,0.06530666396790939,0.0532325681255161,0.7814975344737999,0.7136424264630357,0.8213156366560139,-4.569010053897021
SPEI_1,Climatology,7,0,0.9552879323961923,0.7551361373737331,0.00013477546252460443,-0.08150169811288244,-0.36937228176534376,-3.1910268421107624
GWETROOT,RandomForest,14,0,0.03306265530558708,0.024658212420197334,0.9265694021253401,0.9258413951430288,0.9315030124185394,0.3690611014337397
SPEI_1,RandomForest,14,0,0.6552483896849363,0.5095114972118115,0.518577283682741,0.493067597027703,0.3976708981034418,0.1470721884640196
GWETROOT,RandomForest,14,1,0.033100414791557925,0.024690162507254792,0.9263866834114515,0.9256719114905727,0.9310262493624789,0.36761914025860887
SPEI_1,RandomForest,14,1,0.6527647778983566,0.5080104474355734,0.5230783824624471,0.49690320273061994,0.39672347172931266,0.15352570131686183
GWETROOT,RandomForest,14,2,0.03307708087428891,0.024699651770168314,0.9264758382049991,0.9257766687369251,0.9312768609482532,0.36851041136272245
SPEI_1,RandomForest,14,2,0.6578661390190478,0.5096298828731869,0.5139249154760531,0.4890090667358653,0.4167989103634667,0.1402435988146442
GWETROOT,RandomForest,14,3,0.03297316239731029,0.02459573418456181,0.9268770937549259,0.9262423119600312,0.9330563765434094,0.37247208813479804
SPEI_1,RandomForest,14,3,0.6537690792500939,0.5078358238052267,0.5218830308323658,0.4953539479566512,0.38826711672237046,0.150919037240695
GWETROOT,RandomForest,14,4,0.0332282047313601,0.02478107951247824,0.9257609119002408,0.9250968904765791,0.9312134595107887,0.36272688094600003
SPEI_1,RandomForest,14,4,0.6584668012940197,0.5118132140575352,0.5130217545837078,0.4880755239365998,0.4054102825418364,0.13867288719296833
GWETROOT,TCN,14,0,0.03194608293566792,0.02472769666534486,0.9329726582316994,0.9307656974384598,0.9156165440143328,0.41095689859010354
SPEI_1,TCN,14,0,0.7236100600993545,0.577366239605747,0.4251319708336643,0.38177392328566506,0.1175899314308162,-0.0401825007726897
GWETROOT,TCN,14,1,0.032588695408853355,0.024787510632084887,0.9314268212511754,0.9279523130981289,0.9127431264550857,0.38702071990449327
SPEI_1,TCN,14,1,0.6806885759302813,0.5371029317740524,0.46713583878730236,0.45293988659414597,0.5190145105316226,0.07955620400264818
GWETROOT,TCN,14,2,0.032391670484479315,0.02455628566802828,0.9331381642853511,0.928820852277391,0.9033498528266205,0.3944102218265184
SPEI_1,TCN,14,2,0.6744017039506321,0.5284574243557661,0.47634641040297493,0.46299856618582036,0.2880838647736891,0.0964802110709777
GWETROOT,TCN,14,3,0.03425219980700547,0.02565482104302006,0.9312096449038039,0.9204091707516323,0.9010362028558196,0.32284392028688824
SPEI_1,TCN,14,3,0.6867185866759199,0.5337398083170612,0.44438124203957735,0.44320448068021856,0.5215669752932353,0.06317611385277
GWETROOT,TCN,14,4,0.031542190183348084,0.023325215629969517,0.9327400222621549,0.9325052824876786,0.9403388341292734,0.42575722927368753
SPEI_1,TCN,14,4,0.7025058206323834,0.552628595135807,0.43936230188164405,0.41730944121316793,0.3852576431689926,0.019606992579856874
GWETROOT,LSTM,14,0,0.033899680412530935,0.026025003946872207,0.9257147714677118,0.9220390181720366,0.8959557428336127,0.3367106069410437
SPEI_1,LSTM,14,0,0.7356994287766396,0.594378022453049,0.3660901186089775,0.36094392875664616,0.4715695713088922,-0.07522954362055723
GWETROOT,LSTM,14,1,0.0346111429027608,0.026603725487869007,0.9218604192721866,0.9187322992026621,0.895630001754465,0.30857715393947727
SPEI_1,LSTM,14,1,0.756691370712851,0.6123477638225885,0.40301888155716153,0.3239548677253995,-6.9708308237569305,-0.13746466351261932
GWETROOT,LSTM,14,2,0.03414058652041669,0.026430334781950043,0.9250311199650426,0.9209270306550329,0.8999543548275257,0.3272498548064675
SPEI_1,LSTM,14,2,0.6737289184606395,0.5335169949793349,0.4873663233564908,0.46406946075856026,0.5333574622653425,0.098282020856577
GWETROOT,LSTM,14,3,0.033640639740879205,0.02573028217549249,0.9296020369597068,0.923225926465475,0.9019426183782224,0.34680878250415537
SPEI_1,LSTM,14,3,0.6846510514143131,0.534880921189051,0.47772069730266165,0.44655217335974995,0.4280736181677518,0.06880869952712432
GWETROOT,LSTM,14,4,0.033317448824143094,0.024930764579247127,0.9256980272710422,0.9246940016104443,0.9458293548579276,0.35929911611771204
SPEI_1,LSTM,14,4,0.6783410348428379,0.5323511452328171,0.47504930951821694,0.45670675326875665,0.43182647525992257,0.08589406153608947
GWETROOT,Transformer,14,0,0.04160364032161438,0.03259516965215177,0.8971957823818287,0.8825781933274617,0.9039178944795869,0.00097924559772411
SPEI_1,Transformer,14,0,0.8956705879920919,0.7080551743622313,0.10849251520462001,0.05281512674944944,-0.20780525429133379,-0.5936647890818025
GWETROOT,Transformer,14,1,0.05240029672449782,0.040348325623929045,0.8544046951044113,0.8137254235636913,0.8105992832067594,-0.5848177876902598
SPEI_1,Transformer,14,1,0.9718496693680662,0.7732188145369923,0.04980592778370553,-0.11515775775027182,-1.3613827385254385,-0.8762838206010064
GWETROOT,Transformer,14,2,0.04717354812023122,0.03722063167525527,0.8676208944074324,0.8490325994332018,0.8431020348601865,-0.2844255311536248
SPEI_1,Transformer,14,2,0.8991700678386814,0.7092777802320709,0.08314494117177522,0.045399164291137994,-0.26367762283607377,-0.6061423513621254
GWETROOT,Transformer,14,3,0.04580066774665311,0.03550705182296345,0.8623417136974849,0.8576918700599199,0.8662177007435031,-0.21075274992822335
SPEI_1,Transformer,14,3,0.946984176802184,0.7573503067104428,0.0387660077356476,-0.058823501557824454,-2.2299641118941333,-0.7814998739307888
GWETROOT,Transformer,14,4,0.051809465361437254,0.041676846148313226,0.8344435606097425,0.8179023616445825,0.766960931094056,-0.549280539959941
SPEI_1,Transformer,14,4,0.9155317710541238,0.7276413613151056,0.09952329404182418,0.010342392823310398,-132.5577407983405,-0.6651263405335679
GWETROOT,Persistence,14,0,0.041624025385141615,0.033163087637840975,0.8878412334886313,0.8824630958314845,0.9409628988411303,0.0
SPEI_1,Persistence,14,0,0.7094957927024361,0.5439695678961195,0.49413657409904627,0.4056561456714649,0.7025352986711544,0.0
GWETROOT,Climatology,14,0,0.06507825148431282,0.0530119227261421,0.7795840191320459,0.712685301862552,0.8220657890999572,-1.4444637211604459
SPEI_1,Climatology,14,0,0.9567188224036643,0.7563255949082454,0.00013660958587596105,-0.08070401288525342,-0.3684431978027578,-0.8183144403944207
GWETROOT,RandomForest,30,0,0.04331939468717527,0.0330863503222027,0.8767665485914664,0.8717949402661567,0.8658961368775089,0.6160395892266385
SPEI_1,RandomForest,30,0,0.8492299768485662,0.6683593521073877,0.1797576070039795,0.15636473854330812,0.2540882051210046,0.36266854615828203
GWETROOT,RandomForest,30,1,0.0433670346281929,0.032992970123022845,0.8765307274717841,0.8715128015174665,0.8650508790834435,0.6151946139185885
SPEI_1,RandomForest,30,1,0.8527244360402643,0.668567369172715,0.17335828341332649,0.1494075785910307,0.25026982020972366,0.35741270033299233
GWETROOT,RandomForest,30,2,0.04334136698322083,0.03295776215582894,0.8762951342348217,0.8716648519326967,0.8684390826740527,0.6156499886129356
SPEI_1,RandomForest,30,2,0.8555478832792395,0.6703170812179933,0.16861953792364906,0.14376547738357082,0.24470803667224683,0.3531503268529369
GWETROOT,RandomForest,30,3,0.04327247486724669,0.03288643819566491,0.8768253265740191,0.872072511118762,0.866726303499653,0.6168708841755767
SPEI_1,RandomForest,30,3,0.8526584926658008,0.6690836347479141,0.17390706609967235,0.14953913050478396,0.25038071583229493,0.35751208234827603
GWETROOT,RandomForest,30,4,0.04335177040633746,0.03292410661980082,0.876735551385746,0.8716032348136702,0.8659594391809332,0.6154654519465887
SPEI_1,RandomForest,30,4,0.8501609810154875,0.666975671061419,0.17809575117499774,0.15451398316619958,0.24833907861888938,0.36127037722309396
GWETROOT,TCN,30,0,0.04292018645915898,0.0321293558058993,0.8780588409169299,0.8741469901526879,0.9039713131449247,0.6230837265053606
SPEI_1,TCN,30,0,0.83499863761581,0.6632743811596046,0.18656324415456135,0.18440298859726856,0.22793611523028867,0.38385028130673093
GWETROOT,TCN,30,1,0.04290386083764434,0.03263926879453184,0.8791031689025669,0.8742427137742979,0.8818534781270825,0.6233704084908485
SPEI_1,TCN,30,1,0.8570276210303668,0.6853315161238773,0.1416593786176594,0.14080106530964775,0.13270100881277502,0.35091083646748644
GWETROOT,TCN,30,2,0.044145996836657625,0.03325452842625806,0.8821468454402351,0.8668555518239272,0.8499176850452284,0.6012466503271527
SPEI_1,TCN,30,2,0.8835138751228645,0.7262351746500354,0.19467899351996146,0.08687372334859589,-6.194840962875603,0.31017096602334304
GWETROOT,TCN,30,3,0.04256133246883839,0.03321050897982641,0.8821223024986152,0.8762426964420542,0.849270092517001,0.6293601421897017
SPEI_1,TCN,30,3,0.8641103671517139,0.6898072573754824,0.15472325352932462,0.1265410018848735,0.28907707370957136,0.34013794992562507
GWETROOT,TCN,30,4,0.04454082934266515,0.03406528139505459,0.871544438600024,0.8644632695634087,0.871015451270476,0.5940820214011073
SPEI_1,TCN,30,4,0.8505216619492559,0.6745629456575389,0.15654887126899591,0.15379643582977798,0.12260565575962279,0.3607282999676552
GWETROOT,LSTM,30,0,0.05252857703765999,0.03834704155941491,0.8434741380278779,0.8114911782889647,0.8913039386251387,0.43543628645520005
SPEI_1,LSTM,30,0,0.8703092664201962,0.6775091966771016,0.12278709607993261,0.11396412376728637,0.10648414631102776,0.33063664008038285
GWETROOT,LSTM,30,1,0.04349709036760845,0.03275187290196678,0.8745667146192629,0.8707409915584096,0.8694137690162971,0.6128831258265142
SPEI_1,LSTM,30,1,0.8787213609057867,0.6908389411169469,0.10247010888944416,0.09675314184181683,0.05616711270627306,0.31763445698805604
GWETROOT,LSTM,30,2,0.048228176034572835,0.03605040314257599,0.8649333444978576,0.8410933466690219,0.8402305878105514,0.5240916075055954
SPEI_1,LSTM,30,2,0.8732410200150604,0.6760287052804977,0.1392442236469664,0.10798460771860618,0.08982386508898665,0.3261193636806329
GWETROOT,LSTM,30,3,0.05124992854511063,0.03945291957871985,0.847484878704029,0.8205568291606805,0.8681626370096752,0.46258693901024117
SPEI_1,LSTM,30,3,0.8740240743735775,0.6889698438437475,0.1268495465976698,0.10638411094085398,0.17971883814158018,0.32491025473884627
GWETROOT,LSTM,30,4,0.04528193891210746,0.03371761182699556,0.8627939574765238,0.8599153867777157,0.895552463061861,0.5804615999749254
SPEI_1,LSTM,30,4,0.8598857235913245,0.6676786519076624,0.13730186037028183,0.13506082231560024,0.08620305336991463,0.3465743209376778
GWETROOT,Transformer,30,0,0.05206725395957653,0.040911038132808886,0.8271511658636059,0.8147877305276581,0.896152643380812,0.4453091070313323
SPEI_1,Transformer,30,0,0.9189596428949574,0.7375633716663234,0.04560727233700418,0.012136428805517241,-0.004232438956358386,0.25371003940786363
GWETROOT,Transformer,30,1,0.060950931018516355,0.04835095529047872,0.8065131866446729,0.746194462065898,0.7805606456710649,0.2398796209444235
SPEI_1,Transformer,30,1,0.908973871643444,0.7181761444006647,0.03690495886158355,0.03348879951026296,-0.1395243550379366,0.2698408699764262
GWETROOT,Transformer,30,2,0.06363737799313304,0.047785697114628246,0.7540970534259362,0.7233281581930109,0.8610788380772565,0.17139749203212284
SPEI_1,Transformer,30,2,1.137035957951996,0.9034807437443321,0.012345731639809177,-0.5123506254176473,-0.20991091125982608,-0.14251817918511822
GWETROOT,Transformer,30,3,0.06224825084143741,0.050331044515532636,0.7775413491550615,0.7352751498417271,0.72339436569825,0.2071774513447282
SPEI_1,Transformer,30,3,0.9214373595413442,0.7374055485144643,0.029175269635723807,0.006802253950799808,-0.09092883650003758,0.24968029151736781
GWETROOT,Transformer,30,4,0.057012619995993746,0.046106246288715215,0.785458445962202,0.7779338286089023,0.7722236526389809,0.334935621392752
SPEI_1,Transformer,30,4,0.9158256071318707,0.7127308929521395,0.040816060472763635,0.018862992827489933,-0.056011665376046293,0.25879167957079485
GWETROOT,Persistence,30,0,0.06990997642503728,0.057750439367311064,0.700942582459748,0.6660982326911868,0.8361560949258086,0.0
SPEI_1,Persistence,30,0,1.063757511102465,0.8595276483735265,0.11321793994022154,-0.3236993974978202,0.33646713222768754,0.0
GWETROOT,Climatology,30,0,0.06514439201061312,0.05299516277512762,0.776305591397739,0.7100691179689007,0.8207150150334245,0.1316880878831852
SPEI_1,Climatology,30,0,0.960805682965512,0.7608458339261434,0.00013725157011560966,-0.07987930478802774,-0.368225701385388,0.18419596863961984
